No.,ブロックタイプ,タグ名,必要項目,記述,データタイプ,I/Oアドレス,生値,,,スケール変換値,,,,,
1,アナログ,G_1ZTIC,〇,1Z燃焼量指令,FLOAT,FCS1:D:500,0,～,10000,0,～,10000,,,
2,アナログ,G_1ZF_SVK,〇,1Z燃料SV基準,FLOAT,FCS1:D:502,0,～,10000,0,～,10000,,,
3,アナログ,G_1ZF_NF1,〇,1Z燃焼ﾊﾞｰﾅ負荷,FLOAT,FCS1:D:504,0,～,10000,0,～,10000,,,
4,アナログ,G_1ZU1,〇,1Z空気比補正,FLOAT,FCS1:D:506,0,～,10000,0,～,10000,,,
5,アナログ,G_1ZFCL,〇,1Z速応化,FLOAT,FCS1:D:508,0,～,10000,0,～,10000,,,
6,アナログ,G_1ZFSL,〇,1Z燃料設定下限,FLOAT,FCS1:D:510,0,～,10000,0,～,10000,,,
7,アナログ,G_1ZFSH,〇,1Z燃料設定上限,FLOAT,FCS1:D:512,0,～,10000,0,～,10000,,,
8,アナログ,G_1ZFSET,〇,1Z燃料設定,FLOAT,FCS1:D:514,0,～,10000,0,～,10000,,,
9,アナログ,G_1ZA_SVK,〇,1Z空気SV基準,FLOAT,FCS1:D:516,0,～,10000,0,～,10000,,,
10,アナログ,G_1ZASH,〇,1Z空気設定上限,FLOAT,FCS1:D:518,0,～,10000,0,～,10000,,,
11,アナログ,G_1ZASL,〇,1Z空気設定下限,FLOAT,FCS1:D:520,0,～,10000,0,～,10000,,,
12,アナログ,G_1ZAFCL,〇,1Z空気速応化,FLOAT,FCS1:D:522,0,～,10000,0,～,10000,,,
13,アナログ,G_1ZASET,〇,1Z空気設定,FLOAT,FCS1:D:524,0,～,10000,0,～,10000,,,
14,アナログ,G_1ZA0,〇,1ZA0,FLOAT,FCS1:D:526,0,～,10000,0,～,10000,,,
15,アナログ,G_1ZG0,〇,1ZG0,FLOAT,FCS1:D:528,0,～,10000,0,～,10000,,,
16,アナログ,G_1ZU,〇,1Z空気比設定,FLOAT,FCS1:D:530,0,～,10000,0,～,10000,,,
17,アナログ,G_1ZNFS,〇,1Z燃料流量,FLOAT,FCS1:D:532,0,～,10000,0,～,10000,,,
18,アナログ,G_1ZAIRS,〇,1Z空気流量,FLOAT,FCS1:D:534,0,～,10000,0,～,10000,,,
20,アナログ,G_1ZEX0,〇,1Z排ｶﾞｽ流量,FLOAT,FCS1:D:538,0,～,10000,0,～,10000,,,
21,アナログ,G_1ZEX,〇,1Z排ｶﾞｽ流量,FLOAT,FCS1:D:540,0,～,10000,0,～,10000,,,
29,アナログ,G_1ZFNF1,〇,1Zﾊﾞｰﾅ本数,FLOAT,FCS1:D:556,0,～,10000,0,～,10000,,,
30,アナログ,G_2ZTIC,〇,2Z燃焼量指令,FLOAT,FCS1:D:600,0,～,10000,0,～,10000,,,
31,アナログ,G_2ZF_SVK,〇,2Z燃料SV基準,FLOAT,FCS1:D:602,0,～,10000,0,～,10000,,,
32,アナログ,G_2ZF_NF1,〇,2Z燃焼ﾊﾞｰﾅ負荷,FLOAT,FCS1:D:604,0,～,10000,0,～,10000,,,
33,アナログ,G_2ZU1,〇,2Z空気比補正,FLOAT,FCS1:D:606,0,～,10000,0,～,10000,,,
37,アナログ,G_2ZFSET,〇,2Z燃料設定,FLOAT,FCS1:D:614,0,～,10000,0,～,10000,,,
42,アナログ,G_2ZASET,〇,2Z空気設定,FLOAT,FCS1:D:624,0,～,10000,0,～,10000,,,
45,アナログ,G_2ZU,〇,2Z空気比設定,FLOAT,FCS1:D:630,0,～,10000,0,～,10000,,,
46,アナログ,G_2ZNFS,〇,2Z燃料流量,FLOAT,FCS1:D:632,0,～,10000,0,～,10000,,,
47,アナログ,G_2ZAIRS,〇,2Z空気流量,FLOAT,FCS1:D:634,0,～,10000,0,～,10000,,,
49,アナログ,G_2ZEX0,〇,2Z排ｶﾞｽ流量,FLOAT,FCS1:D:638,0,～,10000,0,～,10000,,,
50,アナログ,G_2ZEX,〇,2Z排ｶﾞｽ流量,FLOAT,FCS1:D:640,0,～,10000,0,～,10000,,,
58,アナログ,G_2ZFNF1,〇,2Zﾊﾞｰﾅ本数,FLOAT,FCS1:D:656,0,～,10000,0,～,10000,,,
59,アナログ,G_3ZTIC,〇,3Z燃焼量指令,FLOAT,FCS1:D:700,0,～,10000,0,～,10000,,,
61,アナログ,G_3ZF_NF1,〇,3Z燃焼ﾊﾞｰﾅ負荷,FLOAT,FCS1:D:704,0,～,10000,0,～,10000,,,
74,アナログ,G_3ZU,〇,3Z空気比設定,FLOAT,FCS1:D:730,0,～,10000,0,～,10000,,,
75,アナログ,G_3ZNFS,〇,3Z燃料流量,FLOAT,FCS1:D:732,0,～,10000,0,～,10000,,,
76,アナログ,G_3ZAIRS,〇,3Z空気流量,FLOAT,FCS1:D:734,0,～,10000,0,～,10000,,,
78,アナログ,G_3ZEX0,〇,3Z排ｶﾞｽ流量,FLOAT,FCS1:D:738,0,～,10000,0,～,10000,,,
79,アナログ,G_3ZEX,〇,3Z排ｶﾞｽ流量,FLOAT,FCS1:D:740,0,～,10000,0,～,10000,,,
87,アナログ,G_3ZFNF1,〇,3Zﾊﾞｰﾅ本数,FLOAT,FCS1:D:756,0,～,10000,0,～,10000,,,
88,アナログ,G_4ZTIC,〇,4Z燃焼量指令,FLOAT,FCS1:D:800,0,～,10000,0,～,10000,,,
90,アナログ,G_4ZF_NF1,〇,4Z燃焼ﾊﾞｰﾅ負荷,FLOAT,FCS1:D:804,0,～,10000,0,～,10000,,,
91,アナログ,G_4ZU1,〇,4Z空気比補正,FLOAT,FCS1:D:806,0,～,10000,0,～,10000,,,
95,アナログ,G_4ZFSET,〇,4Z燃料設定,FLOAT,FCS1:D:814,0,～,10000,0,～,10000,,,
103,アナログ,G_4ZU,〇,4Z空気比設定,FLOAT,FCS1:D:830,0,～,10000,0,～,10000,,,
104,アナログ,G_4ZNFS,〇,4Z燃料流量,FLOAT,FCS1:D:832,0,～,10000,0,～,10000,,,
105,アナログ,G_4ZAIRS,〇,4Z空気流量,FLOAT,FCS1:D:834,0,～,10000,0,～,10000,,,
106,アナログ,G_4ZATS,〇,4Zｱﾄﾏｲｽﾞ流量,FLOAT,FCS1:D:836,0,～,10000,0,～,10000,,,
107,アナログ,G_4ZEX0,〇,4Z排ｶﾞｽ流量,FLOAT,FCS1:D:838,0,～,10000,0,～,10000,,,
108,アナログ,G_4ZEX,〇,4Z排ｶﾞｽ流量,FLOAT,FCS1:D:840,0,～,10000,0,～,10000,,,
117,アナログ,TMP00,〇,演算用,WORD,FCS1:D:990,0,～,10000,0,～,10000,,,
127,アナログ,U1,〇,空気比_連続,FLOAT,FCS1:D:1000,0,～,10000,0,～,10000,,,
128,アナログ,U2,〇,空気比_ﾘｼﾞｪﾈ,FLOAT,FCS1:D:1002,0,～,10000,0,～,10000,,,
129,アナログ,A0LNG,〇,理論空気量,FLOAT,FCS1:D:1004,0,～,10000,0,～,10000,,,
130,アナログ,G0LNG,〇,理論排ｶﾞｽ量,FLOAT,FCS1:D:1006,0,～,10000,0,～,10000,,,
131,アナログ,A0LSA,〇,理論空気量,FLOAT,FCS1:D:1008,0,～,10000,0,～,10000,,,
132,アナログ,G0LSA,〇,理論排ｶﾞｽ量,FLOAT,FCS1:D:1010,0,～,10000,0,～,10000,,,
133,アナログ,U1LNG,〇,空気比連続LNG,FLOAT,FCS1:D:1012,0,～,10000,0,～,10000,,,
134,アナログ,U2LNG,〇,空気比ﾘｼﾞｪﾈLNG,FLOAT,FCS1:D:1014,0,～,10000,0,～,10000,,,
141,アナログ,TSP1001,〇,加熱帯上部  PC温度設定,FLOAT,FCS1:D:1100,0,～,10000,0,～,10000,,,
142,アナログ,TSP2001,〇,加熱帯下部  PC温度設定,FLOAT,FCS1:D:1102,0,～,10000,0,～,10000,,,
143,アナログ,TSP3001,〇,均熱帯上部  PC温度設定,FLOAT,FCS1:D:1104,0,～,10000,0,～,10000,,,
144,アナログ,TSP4001,〇,均熱帯下部  PC温度設定,FLOAT,FCS1:D:1106,0,～,10000,0,～,10000,,,
145,アナログ,PLC1004,〇,加熱帯上部自動PB率,FLOAT,FCS1:D:1110,0,～,10000,0,～,10000,,,
146,アナログ,PLC2004,〇,加熱帯下部自動PB率,FLOAT,FCS1:D:1112,0,～,10000,0,～,10000,,,
147,アナログ,PLC3004,〇,均熱帯上部自動PB率,FLOAT,FCS1:D:1114,0,～,10000,0,～,10000,,,
148,アナログ,PLC4004,〇,均熱帯上部自動PB率,FLOAT,FCS1:D:1116,0,～,10000,0,～,10000,,,
149,アナログ,FI9002,〇,LNG流量合計,FLOAT,FCS1:D:1120,0,～,10000,0,～,10000,,,
150,アナログ,FI9003,〇,燃焼空気流量合計,FLOAT,FCS1:D:1122,0,～,10000,0,～,10000,,,
151,アナログ,FI9004,〇,排ｶﾞｽ流量合計,FLOAT,FCS1:D:1124,0,～,10000,0,～,10000,,,
154,アナログ,FQ9002PV,〇,LNG合計積算,DWORD,FCS1:D:1130,0,～,10000,0,～,10000,,,
155,アナログ,FQ9003PV,〇,燃焼空気合計積算,DWORD,FCS1:D:1132,0,～,10000,0,～,10000,,,
156,アナログ,FQ9004PV,〇,排ｶﾞｽ合計積算,DWORD,FCS1:D:1134,0,～,10000,0,～,10000,,,
159,アナログ,AI9054EPV,〇,煙道排ｶﾞｽNOX(11%換算),FLOAT,FCS1:D:1140,0,～,200,0,～,200,,,
160,アナログ,TPM1000SV,〇,加熱帯ﾊﾟﾀｰﾝ温度,WORD,FCS1:D:1142,0,～,10000,0,～,10000,,,
161,アナログ,TPM3000SV,〇,均熱帯ﾊﾟﾀｰﾝ温度,WORD,FCS1:D:1144,0,～,10000,0,～,10000,,,
163,アナログ,Z1U1LNG,〇,1Z空気比連続LNG,FLOAT,FCS1:D:1200,0.7,～,2,0.7,～,2,,,
164,アナログ,Z1U2LNG,〇,1Z空気比ﾘｼﾞｪﾈLNG,FLOAT,FCS1:D:1202,0.7,～,2,0.7,～,2,,,
171,アナログ,MOP1002,〇,加熱上LNG初期開度,FLOAT,FCS1:D:1230,0,～,100,0,～,100,,,
172,アナログ,MOP1003G,〇,加熱上空気初期開度LNG,FLOAT,FCS1:D:1232,0,～,100,0,～,100,,,
175,アナログ,MOP1004,〇,加熱上排ｶﾞｽ初期開度,FLOAT,FCS1:D:1238,0,～,100,0,～,100,,,
177,アナログ,KOP1002,〇,加熱上LNG切替係数,FLOAT,FCS1:D:1242,0,～,100,0,～,100,,,
178,アナログ,KOP1003G,〇,加熱上空気切替係数LNG,FLOAT,FCS1:D:1244,0,～,100,0,～,100,,,
183,アナログ,TOP1002,〇,加熱上LNGﾀｰﾝﾀﾞｳﾝ,FLOAT,FCS1:D:1254,0,～,100,0,～,100,,,
184,アナログ,TOP1003G,〇,加熱上空気ﾀｰﾝﾀﾞｳﾝLNG,FLOAT,FCS1:D:1256,0,～,100,0,～,100,,,
187,アナログ,TOP1004,〇,加熱上排ｶﾞｽﾀｰﾝﾀﾞｳﾝ,FLOAT,FCS1:D:1262,0,～,100,0,～,100,,,
192,アナログ,TDF1001,〇,加熱上ﾀｰﾝﾀﾞｳﾝ復帰,FLOAT,FCS1:D:1276,0,～,100,0,～,100,,,
193,アナログ,FPB1004,〇,加熱上PB率,FLOAT,FCS1:D:1278,0,～,100,0,～,100,,,
194,アナログ,PSET1004,〇,加熱上排ガス圧力値,DWORD,FCS1:D:1280,0,～,10000,0,～,10000,,,
195,アナログ,TFF1001H,〇,1ZFF出力,FLOAT,FCS1:D:1282,0,～,10000,0,～,10000,,,
202,アナログ,Z2U1LNG,〇,2Z空気比連続LNG,FLOAT,FCS1:D:1400,0.7,～,2,0.7,～,2,,,
203,アナログ,Z2U2LNG,〇,2Z空気比ﾘｼﾞｪﾈLNG,FLOAT,FCS1:D:1402,0.7,～,2,0.7,～,2,,,
210,アナログ,MOP2002,〇,加熱下LNG初期開度,FLOAT,FCS1:D:1430,0,～,100,0,～,100,,,
211,アナログ,MOP2003G,〇,加熱下空気初期開度LNG,FLOAT,FCS1:D:1432,0,～,100,0,～,100,,,
214,アナログ,MOP2004,〇,加熱下排ｶﾞｽ初期開度,FLOAT,FCS1:D:1438,0,～,100,0,～,100,,,
216,アナログ,KOP2002,〇,加熱下LNG切替係数,FLOAT,FCS1:D:1442,0,～,100,0,～,100,,,
217,アナログ,KOP2003G,〇,加熱下空気切替係数LNG,FLOAT,FCS1:D:1444,0,～,100,0,～,100,,,
220,アナログ,KOP2004,〇,加熱下排ｶﾞｽ切替係数,FLOAT,FCS1:D:1450,0,～,100,0,～,100,,,
222,アナログ,TOP2002,〇,加熱下LNGﾀｰﾝﾀﾞｳﾝ,FLOAT,FCS1:D:1454,0,～,100,0,～,100,,,
223,アナログ,TOP2003G,〇,加熱下空気ﾀｰﾝﾀﾞｳﾝLNG,FLOAT,FCS1:D:1456,0,～,100,0,～,100,,,
232,アナログ,FPB2004,〇,加熱下PB率,FLOAT,FCS1:D:1478,0,～,100,0,～,100,,,
241,アナログ,Z3U1LNG,〇,3Z空気比連続LNG,FLOAT,FCS1:D:1600,0.7,～,2,0.7,～,2,,,
242,アナログ,Z3U2LNG,〇,3Z空気比ﾘｼﾞｪﾈLNG,FLOAT,FCS1:D:1602,0.7,～,2,0.7,～,2,,,
249,アナログ,MOP3002,〇,均熱上LNG初期開度,FLOAT,FCS1:D:1630,0,～,100,0,～,100,,,
250,アナログ,MOP3003G,〇,均熱上空気初期開度LNG,FLOAT,FCS1:D:1632,0,～,100,0,～,100,,,
255,アナログ,KOP3002,〇,均熱上LNG切替係数,FLOAT,FCS1:D:1642,0,～,100,0,～,100,,,
256,アナログ,KOP3003G,〇,均熱上空気切替係数LNG,FLOAT,FCS1:D:1644,0,～,100,0,～,100,,,
261,アナログ,TOP3002,〇,均熱上LNGﾀｰﾝﾀﾞｳﾝ,FLOAT,FCS1:D:1654,0,～,100,0,～,100,,,
262,アナログ,TOP3003G,〇,均熱上空気ﾀｰﾝﾀﾞｳﾝLNG,FLOAT,FCS1:D:1656,0,～,100,0,～,100,,,
271,アナログ,FPB3004,〇,均熱上PB率,FLOAT,FCS1:D:1678,0,～,100,0,～,100,,,
280,アナログ,Z4U1LNG,〇,4Z空気比連続LNG,FLOAT,FCS1:D:1800,0.7,～,2,0.7,～,2,,,
281,アナログ,Z4U2LNG,〇,4Z空気比ﾘｼﾞｪﾈLNG,FLOAT,FCS1:D:1802,0.7,～,2,0.7,～,2,,,
288,アナログ,MOP4002,〇,均熱下LNG初期開度,FLOAT,FCS1:D:1830,0,～,100,0,～,100,,,
289,アナログ,MOP4003G,〇,均熱下空気初期開度LNG,FLOAT,FCS1:D:1832,0,～,100,0,～,100,,,
294,アナログ,KOP4002,〇,均熱下LNG切替係数,FLOAT,FCS1:D:1842,0,～,100,0,～,100,,,
295,アナログ,KOP4003G,〇,均熱下空気切替係数LNG,FLOAT,FCS1:D:1844,0,～,100,0,～,100,,,
300,アナログ,TOP4002,〇,均熱下LNGﾀｰﾝﾀﾞｳﾝ,FLOAT,FCS1:D:1854,0,～,100,0,～,100,,,
301,アナログ,TOP4003G,〇,均熱下空気ﾀｰﾝﾀﾞｳﾝLNG,FLOAT,FCS1:D:1856,0,～,100,0,～,100,,,
310,アナログ,FPB4004,〇,均熱下PB率,FLOAT,FCS1:D:1878,0,～,100,0,～,100,,,
321,アナログ,AIH9054,〇,排ｶﾞｽNOX H設定,FLOAT,FCS1:D:2504,0,～,200,0,～,200,,,
322,アナログ,AIA9054,〇,排ｶﾞｽNOX  時間平均,FLOAT,FCS1:D:2506,0,～,10000,0,～,10000,,,
323,アナログ,D100,〇,燃焼空気B PM,FLOAT,FCS1:D:2508,0,～,10000,0,～,10000,,,
324,アナログ,D101,〇,燃焼空気B PM,FLOAT,FCS1:D:2510,0,～,10000,0,～,10000,,,
325,アナログ,D102,〇,燃焼空気B PM,FLOAT,FCS1:D:2512,0,～,10000,0,～,10000,,,
326,アナログ,D103,〇,燃焼空気B PM,FLOAT,FCS1:D:2514,0,～,10000,0,～,10000,,,
327,アナログ,D104,〇,燃焼空気B PM,FLOAT,FCS1:D:2516,0,～,10000,0,～,10000,,,
335,アナログ,SG90031,〇,燃焼空気Bｻｰｼﾞﾝｸﾞ限界,FLOAT,FCS1:D:2532,0,～,10000,0,～,10000,,,
356,アナログ,EXT_A_PV,〇,排ｶﾞｽﾌｧﾝ電流表示,WORD,FCS1:D:2571,0,～,10000,0,～,100,,,
640,アナログ,REIKYAKU1,〇,装入冷水ＢＯＸ冷却水温度,WORD,FCS1:D:3410,0,～,100,0,～,100,,,
641,アナログ,REIKYAKU2,〇,装入側リンテル冷却水温度,WORD,FCS1:D:3411,0,～,100,0,～,100,,,
642,アナログ,REIKYAKU3,〇,装入扉反ミル側冷却水温度,WORD,FCS1:D:3412,0,～,100,0,～,100,,,
643,アナログ,REIKYAKU4,〇,装入扉ミル側冷却水温度,WORD,FCS1:D:3413,0,～,100,0,～,100,,,
644,アナログ,REIKYAKU5,〇,固６ミルメイン冷却水温度,WORD,FCS1:D:3414,0,～,100,0,～,100,,,
645,アナログ,REIKYAKU6,〇,固５ミルメイン冷却水温度,WORD,FCS1:D:3415,0,～,100,0,～,100,,,
646,アナログ,REIKYAKU7,〇,固４ミルメイン冷却水温度,WORD,FCS1:D:3416,0,～,100,0,～,100,,,
647,アナログ,REIKYAKU8,〇,固３ミルメイン冷却水温度,WORD,FCS1:D:3417,0,～,100,0,～,100,,,
648,アナログ,REIKYAKU9,〇,固２ミルメイン冷却水温度,WORD,FCS1:D:3418,0,～,100,0,～,100,,,
649,アナログ,REIKYAKU10,〇,固１ミルメイン冷却水温度,WORD,FCS1:D:3419,0,～,100,0,～,100,,,
650,アナログ,REIKYAKU11,〇,可１反ミルメイン冷却水温度,WORD,FCS1:D:3420,0,～,100,0,～,100,,,
651,アナログ,REIKYAKU12,〇,可２反ミルメイン冷却水温度,WORD,FCS1:D:3421,0,～,100,0,～,100,,,
652,アナログ,REIKYAKU13,〇,可２ミルメイン冷却水温度,WORD,FCS1:D:3422,0,～,100,0,～,100,,,
653,アナログ,REIKYAKU14,〇,可１ミルメイン冷却水温度,WORD,FCS1:D:3423,0,～,100,0,～,100,,,
654,アナログ,REIKYAKU15,〇,固１装入サポート冷却水温度,WORD,FCS1:D:3424,0,～,100,0,～,100,,,
655,アナログ,REIKYAKU16,〇,固２装入サポート冷却水温度,WORD,FCS1:D:3425,0,～,100,0,～,100,,,
656,アナログ,REIKYAKU17,〇,固３装入サポート冷却水温度,WORD,FCS1:D:3426,0,～,100,0,～,100,,,
657,アナログ,REIKYAKU18,〇,固４装入サポート冷却水温度,WORD,FCS1:D:3427,0,～,100,0,～,100,,,
658,アナログ,REIKYAKU19,〇,固５装入サポート冷却水温度,WORD,FCS1:D:3428,0,～,100,0,～,100,,,
659,アナログ,REIKYAKU20,〇,固６装入サポート冷却水温度,WORD,FCS1:D:3429,0,～,100,0,～,100,,,
660,アナログ,REIKYAKU21,〇,固７装入サポート冷却水温度,WORD,FCS1:D:3430,0,～,100,0,～,100,,,
661,アナログ,REIKYAKU22,〇,固８装入サポート冷却水温度,WORD,FCS1:D:3431,0,～,100,0,～,100,,,
662,アナログ,REIKYAKU23,〇,可１装入サポート冷却水温度,WORD,FCS1:D:3432,0,～,100,0,～,100,,,
663,アナログ,REIKYAKU24,〇,可２装入サポート冷却水温度,WORD,FCS1:D:3433,0,～,100,0,～,100,,,
664,アナログ,REIKYAKU25,〇,可３装入サポート冷却水温度,WORD,FCS1:D:3434,0,～,100,0,～,100,,,
665,アナログ,REIKYAKU26,〇,可４装入サポート冷却水温度,WORD,FCS1:D:3435,0,～,100,0,～,100,,,
666,アナログ,REIKYAKU27,〇,可５装入サポート冷却水温度,WORD,FCS1:D:3436,0,～,100,0,～,100,,,
667,アナログ,REIKYAKU28,〇,抽出冷水ＢＯＸ冷却水温度,WORD,FCS1:D:3437,0,～,100,0,～,100,,,
668,アナログ,REIKYAKU29,〇,抽出側リンテル冷却水温度,WORD,FCS1:D:3438,0,～,100,0,～,100,,,
669,アナログ,REIKYAKU30,〇,抽出扉反ミル側冷却水温度,WORD,FCS1:D:3439,0,～,100,0,～,100,,,
670,アナログ,REIKYAKU31,〇,抽出扉ミル側冷却水温度,WORD,FCS1:D:3440,0,～,100,0,～,100,,,
671,アナログ,REIKYAKU32,〇,ＩＴＶ冷却水温度,WORD,FCS1:D:3441,0,～,100,0,～,100,,,
672,アナログ,REIKYAKU33,〇,放射温度計冷却水温度,WORD,FCS1:D:3442,0,～,100,0,～,100,,,
673,アナログ,REIKYAKU34,〇,ＥＸＴ１冷却水温度,WORD,FCS1:D:3443,0,～,100,0,～,100,,,
674,アナログ,REIKYAKU35,〇,ＥＸＴ２冷却水温度,WORD,FCS1:D:3444,0,～,100,0,～,100,,,
675,アナログ,REIKYAKU36,〇,本管冷却水温度,WORD,FCS1:D:3445,0,～,100,0,～,100,,,
681,アナログ,EI9301C,〇,燃焼空気ﾌﾞﾛｱ電流,WORD,FCS1:D:3480,0,～,10000,0,～,10000,,,
682,アナログ,EI9401C,〇,IDF電流,WORD,FCS1:D:3481,0,～,10000,0,～,10000,,,
781,デジタル,TI9031LAG：ACAL,〇,燃料LNG本管温度：CAL,WORD,FCS1:R:1424:1,0,～,1,0,～,1,,,
782,デジタル,TI9031LAG：AIOP,〇,燃料LNG本管温度：IOP警報,WORD,FCS1:R:1424:2,0,～,1,0,～,1,,,
783,アナログ,TI9031：PV,〇,燃料LNG本管温度：PV,WORD,FCS1:R:0,0,～,10000,0,～,100,℃,,
790,デジタル,TI9031：ACAL,〇,燃料LNG本管温度：CAL,WORD,FCS1:R:7:1,0,～,1,0,～,1,,,
797,デジタル,TI9031：AIOP,〇,燃料LNG本管温度：IOP警報,WORD,FCS1:R:7:10,0,～,1,0,～,1,,,
799,デジタル,TI9032LAG：ACAL,〇,燃焼空気本管温度：CAL,WORD,FCS1:R:1425:1,0,～,1,0,～,1,,,
800,デジタル,TI9032LAG：AIOP,〇,燃焼空気本管温度：IOP警報,WORD,FCS1:R:1425:2,0,～,1,0,～,1,,,
801,アナログ,TI9032：PV,〇,燃焼空気本管温度：PV,WORD,FCS1:R:9,0,～,10000,0,～,100,℃,,
808,デジタル,TI9032：ACAL,〇,燃焼空気本管温度：CAL,WORD,FCS1:R:16:1,0,～,1,0,～,1,,,
815,デジタル,TI9032：AIOP,〇,燃焼空気本管温度：IOP警報,WORD,FCS1:R:16:10,0,～,1,0,～,1,,,
835,デジタル,TI9010LAG：ACAL,〇,非燃焼帯温度：CAL,WORD,FCS1:R:1427:1,0,～,1,0,～,1,,,
836,デジタル,TI9010LAG：AIOP,〇,非燃焼帯温度：IOP警報,WORD,FCS1:R:1427:2,0,～,1,0,～,1,,,
837,アナログ,TI9010：PV,〇,非燃焼帯温度：PV,WORD,FCS1:R:27,0,～,10000,0,～,1400,℃,,
844,デジタル,TI9010：ACAL,〇,非燃焼帯温度：CAL,WORD,FCS1:R:34:1,0,～,1,0,～,1,,,
851,デジタル,TI9010：AIOP,〇,非燃焼帯温度：IOP警報,WORD,FCS1:R:34:10,0,～,1,0,～,1,,,
854,デジタル,FI9045LAG：AIOP,〇,ﾉｽﾞﾙ冷却空気流量：IOP警報,WORD,FCS1:R:1428:2,0,～,1,0,～,1,,,
856,デジタル,FI9045H：AIOP,〇,ﾉｽﾞﾙ冷却空気流量開平：IOP警報,WORD,FCS1:R:36:2,0,～,1,0,～,1,,,
871,デジタル,FI9045：AIOP,〇,ﾉｽﾞﾙ冷却空気流量：IOP警報,WORD,FCS1:R:44:10,0,～,1,0,～,1,,,
873,デジタル,AI9054LAG：ACAL,〇,煙道排ｶﾞｽNOX濃度：CAL,WORD,FCS1:R:1429:1,0,～,1,0,～,1,,,
874,デジタル,AI9054LAG：AIOP,〇,煙道排ｶﾞｽNOX濃度：IOP警報,WORD,FCS1:R:1429:2,0,～,1,0,～,1,,,
875,アナログ,AI9054：PV,〇,煙道排ｶﾞｽNOX濃度：PV,WORD,FCS1:R:46,0,～,10000,0,～,200,ppm,,
876,アナログ,AI9054：H,〇,煙道排ｶﾞｽNOX濃度：H,WORD,FCS1:R:47,0,～,10000,0,～,200,ppm,,
877,アナログ,AI9054：L,〇,煙道排ｶﾞｽNOX濃度：L,WORD,FCS1:R:48,0,～,10000,0,～,200,ppm,,
878,アナログ,AI9054：HH,〇,煙道排ｶﾞｽNOX濃度：HH,WORD,FCS1:R:49,0,～,10000,0,～,200,ppm,,
879,アナログ,AI9054：LL,〇,煙道排ｶﾞｽNOX濃度：LL,WORD,FCS1:R:50,0,～,10000,0,～,200,ppm,,
889,デジタル,AI9054：AIOP,〇,煙道排ｶﾞｽNOX濃度：IOP警報,WORD,FCS1:R:53:10,0,～,1,0,～,1,,,
892,デジタル,AI9055LAG：AIOP,〇,煙道排ｶﾞｽO2濃度：IOP警報,WORD,FCS1:R:1430:2,0,～,1,0,～,1,,,
907,デジタル,AI9055：AIOP,〇,煙道排ｶﾞｽO2濃度：IOP警報,WORD,FCS1:R:62:10,0,～,1,0,～,1,,,
909,デジタル,TI9061LAG：ACAL,〇,装入材料温度：CAL,WORD,FCS1:R:1431:1,0,～,1,0,～,1,,,
910,デジタル,TI9061LAG：AIOP,〇,装入材料温度：IOP警報,WORD,FCS1:R:1431:2,0,～,1,0,～,1,,,
911,アナログ,TI9061：PV,〇,装入材料温度：PV,WORD,FCS1:R:64,0,～,10000,0,～,800,℃,,
925,デジタル,TI9061：AIOP,〇,装入材料温度：IOP警報,WORD,FCS1:R:71:10,0,～,1,0,～,1,,,
927,デジタル,TI9065LAG：ACAL,〇,1側抽出材料温度：CAL,WORD,FCS1:R:1432:1,0,～,1,0,～,1,,,
928,デジタル,TI9065LAG：AIOP,〇,1側抽出材料温度：IOP警報,WORD,FCS1:R:1432:2,0,～,1,0,～,1,,,
929,アナログ,TI9065：PV,〇,1側抽出材料温度：PV,WORD,FCS1:R:73,0,～,10000,900,～,1400,℃,,
943,デジタル,TI9065：AIOP,〇,1側抽出材料温度：IOP警報,WORD,FCS1:R:80:10,0,～,1,0,～,1,,,
945,デジタル,TI9066LAG：ACAL,〇,2側抽出材料温度：CAL,WORD,FCS1:R:1433:1,0,～,1,0,～,1,,,
946,デジタル,TI9066LAG：AIOP,〇,2側抽出材料温度：IOP警報,WORD,FCS1:R:1433:2,0,～,1,0,～,1,,,
947,アナログ,TI9066：PV,〇,2側抽出材料温度：PV,WORD,FCS1:R:82,0,～,10000,900,～,1400,℃,,
961,デジタル,TI9066：AIOP,〇,2側抽出材料温度：IOP警報,WORD,FCS1:R:89:10,0,～,1,0,～,1,,,
963,デジタル,FI9042LAG：ACAL,〇,ﾊﾟｲﾛｯﾄｶﾞｽ流量：CAL,WORD,FCS1:R:1434:1,0,～,1,0,～,1,,,
964,デジタル,FI9042LAG：AIOP,〇,ﾊﾟｲﾛｯﾄｶﾞｽ流量：IOP警報,WORD,FCS1:R:1434:2,0,～,1,0,～,1,,,
967,アナログ,FI9042：PV,〇,ﾊﾟｲﾛｯﾄｶﾞｽ流量：PV,WORD,FCS1:R:92,0,～,10000,0,～,140,Nm3/h,,
974,デジタル,FI9042：ACAL,〇,ﾊﾟｲﾛｯﾄｶﾞｽ流量：CAL,WORD,FCS1:R:99:1,0,～,1,0,～,1,,,
981,デジタル,FI9042：AIOP,〇,ﾊﾟｲﾛｯﾄｶﾞｽ流量：IOP警報,WORD,FCS1:R:99:10,0,～,1,0,～,1,,,
984,デジタル,FI9081LAG：AIOP,〇,冷却水流量：IOP警報,WORD,FCS1:R:1442:2,0,～,1,0,～,1,,,
986,デジタル,FI9081H：AIOP,〇,冷却水流量：IOP警報,WORD,FCS1:R:101:2,0,～,1,0,～,1,,,
1001,デジタル,FI9081：AIOP,〇,冷却水流量：IOP警報,WORD,FCS1:R:109:10,0,～,1,0,～,1,,,
1003,デジタル,EI9301LAG：ACAL,〇,燃焼空気ﾌﾞﾛﾜ電流：CAL,WORD,FCS1:R:1436:1,0,～,1,0,～,1,,,
1004,デジタル,EI9301LAG：AIOP,〇,燃焼空気ﾌﾞﾛﾜ電流：IOP警報,WORD,FCS1:R:1436:2,0,～,1,0,～,1,,,
1005,アナログ,EI9301：PV,〇,燃焼空気ﾌﾞﾛﾜ電流：PV,WORD,FCS1:R:111,0,～,10000,0,～,50,A,,
1012,デジタル,EI9301：ACAL,〇,燃焼空気ﾌﾞﾛﾜ電流：CAL,WORD,FCS1:R:118:1,0,～,1,0,～,1,,,
1019,デジタル,EI9301：AIOP,〇,燃焼空気ﾌﾞﾛﾜ電流：IOP警報,WORD,FCS1:R:118:10,0,～,1,0,～,1,,,
1021,デジタル,EI9401LAG：ACAL,〇,排ｶﾞｽ誘引ﾌｧﾝ電流：CAL,WORD,FCS1:R:1437:1,0,～,1,0,～,1,,,
1022,デジタル,EI9401LAG：AIOP,〇,排ｶﾞｽ誘引ﾌｧﾝ電流：IOP警報,WORD,FCS1:R:1437:2,0,～,1,0,～,1,,,
1023,アナログ,EI9401：PV,〇,排ｶﾞｽ誘引ﾌｧﾝ電流：PV,WORD,FCS1:R:120,0,～,10000,0,～,75,A,,
1037,デジタル,EI9401：AIOP,〇,排ｶﾞｽ誘引ﾌｧﾝ電流：IOP警報,WORD,FCS1:R:127:10,0,～,1,0,～,1,,,
1039,デジタル,TI9151LAG：ACAL,〇,燃焼空気ﾌﾞﾛﾜ巻線温度：CAL,WORD,FCS1:R:1438:1,0,～,1,0,～,1,,,
1040,デジタル,TI9151LAG：AIOP,〇,燃焼空気ﾌﾞﾛﾜ巻線温度：IOP警報,WORD,FCS1:R:1438:2,0,～,1,0,～,1,,,
1041,アナログ,TI9151：PV,〇,燃焼空気ﾌﾞﾛﾜ巻線温度：PV,WORD,FCS1:R:129,0,～,10000,0,～,200,℃,,
1048,デジタル,TI9151：ACAL,〇,燃焼空気ﾌﾞﾛﾜ巻線温度：CAL,WORD,FCS1:R:136:1,0,～,1,0,～,1,,,
1055,デジタル,TI9151：AIOP,〇,燃焼空気ﾌﾞﾛﾜ巻線温度：IOP警報,WORD,FCS1:R:136:10,0,～,1,0,～,1,,,
1057,デジタル,TI9153LAG：ACAL,〇,排ｶﾞｽ誘引ﾌｧﾝ巻線温度：CAL,WORD,FCS1:R:1439:1,0,～,1,0,～,1,,,
1058,デジタル,TI9153LAG：AIOP,〇,排ｶﾞｽ誘引ﾌｧﾝ巻線温度：IOP警報,WORD,FCS1:R:1439:2,0,～,1,0,～,1,,,
1059,アナログ,TI9153：PV,〇,排ｶﾞｽ誘引ﾌｧﾝ巻線温度：PV,WORD,FCS1:R:138,0,～,10000,0,～,200,℃,,
1073,デジタル,TI9153：AIOP,〇,排ｶﾞｽ誘引ﾌｧﾝ巻線温度：IOP警報,WORD,FCS1:R:145:10,0,～,1,0,～,1,,,
1076,デジタル,AI9051LAG：AIOP,〇,炉内O2濃度：IOP警報,WORD,FCS1:R:1440:2,0,～,1,0,～,1,,,
1091,デジタル,AI9051：AIOP,〇,炉内O2濃度：IOP警報,WORD,FCS1:R:154:10,0,～,1,0,～,1,,,
1093,デジタル,TI9052LAG：ACAL,〇,煙道排ｶﾞｽ温度：CAL,WORD,FCS1:R:1441:1,0,～,1,0,～,1,,,
1094,デジタル,TI9052LAG：AIOP,〇,煙道排ｶﾞｽ温度：IOP警報,WORD,FCS1:R:1441:2,0,～,1,0,～,1,,,
1095,アナログ,TI9052：PV,〇,煙道排ｶﾞｽ温度：PV,WORD,FCS1:R:156,0,～,10000,0,～,1400,℃,,
1109,デジタル,TI9052：AIOP,〇,煙道排ｶﾞｽ温度：IOP警報,WORD,FCS1:R:163:10,0,～,1,0,～,1,,,
1111,アナログ,AI9054AV：PV,〇,排ｶﾞｽNOX時間平均：PV,WORD,FCS1:R:1301,0,～,10000,0,～,200,ppm,,
1112,アナログ,AI9054AV：H,〇,排ｶﾞｽNOX時間平均：H,WORD,FCS1:R:1302,0,～,10000,0,～,200,ppm,,
1113,アナログ,AI9054AV：L,〇,排ｶﾞｽNOX時間平均：L,WORD,FCS1:R:1303,0,～,10000,0,～,200,ppm,,
1114,アナログ,AI9054AV：HH,〇,排ｶﾞｽNOX時間平均：HH,WORD,FCS1:R:1304,0,～,10000,0,～,200,ppm,,
1115,アナログ,AI9054AV：LL,〇,排ｶﾞｽNOX時間平均：LL,WORD,FCS1:R:1305,0,～,10000,0,～,200,ppm,,
1125,デジタル,AI9054AV：AIOP,〇,排ｶﾞｽNOX時間平均：IOP警報,WORD,FCS1:R:1308:10,0,～,1,0,～,1,,,
1127,アナログ,EO1901：PV,〇,加熱上燃焼量：PV,WORD,FCS1:R:1347,0,～,10000,0,～,100,%,,
1128,アナログ,EO1901：SV,〇,加熱上燃焼量：SV,WORD,FCS1:R:1348,0,～,10000,0,～,100,%,,
1129,アナログ,EO1901：MV,〇,加熱上燃焼量：MV,WORD,FCS1:R:1349,0,～,10000,0,～,100,%,,
1130,アナログ,EO1901：MODE,〇,加熱上燃焼量：MODE,WORD,FCS1:R:1350,0,～,10000,0,～,10000,,,
1131,デジタル,EO1901：ACAL,〇,加熱上燃焼量：CAL,WORD,FCS1:R:1351:1,0,～,1,0,～,1,,,
1136,デジタル,EO1901：AIOP,〇,加熱上燃焼量：IOP警報,WORD,FCS1:R:1351:10,0,～,1,0,～,1,,,
1142,アナログ,EO1902：PV,〇,加熱上炉温度：PV,WORD,FCS1:R:1354,0,～,10000,0,～,100,%,,
1143,アナログ,EO1902：SV,〇,加熱上炉温度：SV,WORD,FCS1:R:1355,0,～,10000,0,～,100,%,,
1144,アナログ,EO1902：MV,〇,加熱上炉温度：MV,WORD,FCS1:R:1356,0,～,10000,0,～,100,%,,
1145,アナログ,EO1902：MODE,〇,加熱上炉温度：MODE,WORD,FCS1:R:1357,0,～,10000,0,～,10000,,,
1146,デジタル,EO1902：ACAL,〇,加熱上炉温度：CAL,WORD,FCS1:R:1358:1,0,～,1,0,～,1,,,
1147,デジタル,EO1902：FMH,〇,加熱上炉温度：出力上限制限,WORD,FCS1:R:1358:2,0,～,1,0,～,1,,,
1148,デジタル,EO1902：FML,〇,加熱上炉温度：出力下限制限,WORD,FCS1:R:1358:3,0,～,1,0,～,1,,,
1151,デジタル,EO1902：AIOP,〇,加熱上炉温度：IOP警報,WORD,FCS1:R:1358:10,0,～,1,0,～,1,,,
1157,アナログ,EO2901：PV,〇,加熱下燃焼量：PV,WORD,FCS1:R:1361,0,～,10000,0,～,100,%,,
1158,アナログ,EO2901：SV,〇,加熱下燃焼量：SV,WORD,FCS1:R:1362,0,～,10000,0,～,100,%,,
1159,アナログ,EO2901：MV,〇,加熱下燃焼量：MV,WORD,FCS1:R:1363,0,～,10000,0,～,100,%,,
1160,アナログ,EO2901：MODE,〇,加熱下燃焼量：MODE,WORD,FCS1:R:1364,0,～,10000,0,～,10000,,,
1161,デジタル,EO2901：ACAL,〇,加熱下燃焼量：CAL,WORD,FCS1:R:1365:1,0,～,1,0,～,1,,,
1162,デジタル,EO2901：FMH,〇,加熱下燃焼量：出力上限制限,WORD,FCS1:R:1365:2,0,～,1,0,～,1,,,
1163,デジタル,EO2901：FML,〇,加熱下燃焼量：出力下限制限,WORD,FCS1:R:1365:3,0,～,1,0,～,1,,,
1166,デジタル,EO2901：AIOP,〇,加熱下燃焼量：IOP警報,WORD,FCS1:R:1365:10,0,～,1,0,～,1,,,
1172,アナログ,EO2902：PV,〇,加熱下炉温度：PV,WORD,FCS1:R:1368,0,～,10000,0,～,100,%,,
1173,アナログ,EO2902：SV,〇,加熱下炉温度：SV,WORD,FCS1:R:1369,0,～,10000,0,～,100,%,,
1174,アナログ,EO2902：MV,〇,加熱下炉温度：MV,WORD,FCS1:R:1370,0,～,10000,0,～,100,%,,
1175,アナログ,EO2902：MODE,〇,加熱下炉温度：MODE,WORD,FCS1:R:1371,0,～,10000,0,～,10000,,,
1176,デジタル,EO2902：ACAL,〇,加熱下炉温度：CAL,WORD,FCS1:R:1372:1,0,～,1,0,～,1,,,
1177,デジタル,EO2902：FMH,〇,加熱下炉温度：出力上限制限,WORD,FCS1:R:1372:2,0,～,1,0,～,1,,,
1178,デジタル,EO2902：FML,〇,加熱下炉温度：出力下限制限,WORD,FCS1:R:1372:3,0,～,1,0,～,1,,,
1181,デジタル,EO2902：AIOP,〇,加熱下炉温度：IOP警報,WORD,FCS1:R:1372:10,0,～,1,0,～,1,,,
1187,アナログ,EO3901：PV,〇,均熱上燃焼量：PV,WORD,FCS1:R:1375,0,～,10000,0,～,100,%,,
1188,アナログ,EO3901：SV,〇,均熱上燃焼量：SV,WORD,FCS1:R:1376,0,～,10000,0,～,100,%,,
1189,アナログ,EO3901：MV,〇,均熱上燃焼量：MV,WORD,FCS1:R:1377,0,～,10000,0,～,100,%,,
1190,アナログ,EO3901：MODE,〇,均熱上燃焼量：MODE,WORD,FCS1:R:1378,0,～,10000,0,～,10000,,,
1191,デジタル,EO3901：ACAL,〇,均熱上燃焼量：CAL,WORD,FCS1:R:1379:1,0,～,1,0,～,1,,,
1192,デジタル,EO3901：FMH,〇,均熱上燃焼量：出力上限制限,WORD,FCS1:R:1379:2,0,～,1,0,～,1,,,
1193,デジタル,EO3901：FML,〇,均熱上燃焼量：出力下限制限,WORD,FCS1:R:1379:3,0,～,1,0,～,1,,,
1196,デジタル,EO3901：AIOP,〇,均熱上燃焼量：IOP警報,WORD,FCS1:R:1379:10,0,～,1,0,～,1,,,
1202,アナログ,EO3902：PV,〇,均熱上炉温度：PV,WORD,FCS1:R:1382,0,～,10000,0,～,100,%,,
1203,アナログ,EO3902：SV,〇,均熱上炉温度：SV,WORD,FCS1:R:1383,0,～,10000,0,～,100,%,,
1204,アナログ,EO3902：MV,〇,均熱上炉温度：MV,WORD,FCS1:R:1384,0,～,10000,0,～,100,%,,
1205,アナログ,EO3902：MODE,〇,均熱上炉温度：MODE,WORD,FCS1:R:1385,0,～,10000,0,～,10000,,,
1206,デジタル,EO3902：ACAL,〇,均熱上炉温度：CAL,WORD,FCS1:R:1386:1,0,～,1,0,～,1,,,
1207,デジタル,EO3902：FMH,〇,均熱上炉温度：出力上限制限,WORD,FCS1:R:1386:2,0,～,1,0,～,1,,,
1208,デジタル,EO3902：FML,〇,均熱上炉温度：出力下限制限,WORD,FCS1:R:1386:3,0,～,1,0,～,1,,,
1211,デジタル,EO3902：AIOP,〇,均熱上炉温度：IOP警報,WORD,FCS1:R:1386:10,0,～,1,0,～,1,,,
1217,アナログ,EO4901：PV,〇,均熱下燃焼量：PV,WORD,FCS1:R:1389,0,～,10000,0,～,100,%,,
1218,アナログ,EO4901：SV,〇,均熱下燃焼量：SV,WORD,FCS1:R:1390,0,～,10000,0,～,100,%,,
1219,アナログ,EO4901：MV,〇,均熱下燃焼量：MV,WORD,FCS1:R:1391,0,～,10000,0,～,100,%,,
1220,アナログ,EO4901：MODE,〇,均熱下燃焼量：MODE,WORD,FCS1:R:1392,0,～,10000,0,～,10000,,,
1221,デジタル,EO4901：ACAL,〇,均熱下燃焼量：CAL,WORD,FCS1:R:1393:1,0,～,1,0,～,1,,,
1222,デジタル,EO4901：FMH,〇,均熱下燃焼量：出力上限制限,WORD,FCS1:R:1393:2,0,～,1,0,～,1,,,
1223,デジタル,EO4901：FML,〇,均熱下燃焼量：出力下限制限,WORD,FCS1:R:1393:3,0,～,1,0,～,1,,,
1226,デジタル,EO4901：AIOP,〇,均熱下燃焼量：IOP警報,WORD,FCS1:R:1393:10,0,～,1,0,～,1,,,
1232,アナログ,EO4902：PV,〇,均熱下炉温度：PV,WORD,FCS1:R:1396,0,～,10000,0,～,100,%,,
1233,アナログ,EO4902：SV,〇,均熱下炉温度：SV,WORD,FCS1:R:1397,0,～,10000,0,～,100,%,,
1234,アナログ,EO4902：MV,〇,均熱下炉温度：MV,WORD,FCS1:R:1398,0,～,10000,0,～,100,%,,
1235,アナログ,EO4902：MODE,〇,均熱下炉温度：MODE,WORD,FCS1:R:1399,0,～,10000,0,～,10000,,,
1236,デジタル,EO4902：ACAL,〇,均熱下炉温度：CAL,WORD,FCS1:R:1400:1,0,～,1,0,～,1,,,
1237,デジタル,EO4902：FMH,〇,均熱下炉温度：出力上限制限,WORD,FCS1:R:1400:2,0,～,1,0,～,1,,,
1238,デジタル,EO4902：FML,〇,均熱下炉温度：出力下限制限,WORD,FCS1:R:1400:3,0,～,1,0,～,1,,,
1241,デジタル,EO4902：AIOP,〇,均熱下炉温度：IOP警報,WORD,FCS1:R:1400:10,0,～,1,0,～,1,,,
1247,アナログ,EO9065：PV,〇,1側抽出温度：PV,WORD,FCS1:R:1403,0,～,10000,0,～,100,%,,
1248,アナログ,EO9065：SV,〇,1側抽出温度：SV,WORD,FCS1:R:1404,0,～,10000,0,～,100,%,,
1249,アナログ,EO9065：MV,〇,1側抽出温度：MV,WORD,FCS1:R:1405,0,～,10000,0,～,100,%,,
1250,アナログ,EO9065：MODE,〇,1側抽出温度：MODE,WORD,FCS1:R:1406,0,～,10000,0,～,10000,,,
1251,デジタル,EO9065：ACAL,〇,1側抽出温度：CAL,WORD,FCS1:R:1407:1,0,～,1,0,～,1,,,
1252,デジタル,EO9065：FMH,〇,1側抽出温度：出力上限制限,WORD,FCS1:R:1407:2,0,～,1,0,～,1,,,
1253,デジタル,EO9065：FML,〇,1側抽出温度：出力下限制限,WORD,FCS1:R:1407:3,0,～,1,0,～,1,,,
1256,デジタル,EO9065：AIOP,〇,1側抽出温度：IOP警報,WORD,FCS1:R:1407:10,0,～,1,0,～,1,,,
1262,アナログ,EO9066：PV,〇,2側抽出温度：PV,WORD,FCS1:R:1410,0,～,10000,0,～,100,%,,
1263,アナログ,EO9066：SV,〇,2側抽出温度：SV,WORD,FCS1:R:1411,0,～,10000,0,～,100,%,,
1264,アナログ,EO9066：MV,〇,2側抽出温度：MV,WORD,FCS1:R:1412,0,～,10000,0,～,100,%,,
1265,アナログ,EO9066：MODE,〇,2側抽出温度：MODE,WORD,FCS1:R:1413,0,～,10000,0,～,10000,,,
1266,デジタル,EO9066：ACAL,〇,2側抽出温度：CAL,WORD,FCS1:R:1414:1,0,～,1,0,～,1,,,
1267,デジタル,EO9066：FMH,〇,2側抽出温度：出力上限制限,WORD,FCS1:R:1414:2,0,～,1,0,～,1,,,
1268,デジタル,EO9066：FML,〇,2側抽出温度：出力下限制限,WORD,FCS1:R:1414:3,0,～,1,0,～,1,,,
1271,デジタル,EO9066：AIOP,〇,2側抽出温度：IOP警報,WORD,FCS1:R:1414:10,0,～,1,0,～,1,,,
1277,アナログ,EO9061：PV,〇,装入材料温度：PV,WORD,FCS1:R:1417,0,～,10000,0,～,100,%,,
1278,アナログ,EO9061：SV,〇,装入材料温度：SV,WORD,FCS1:R:1418,0,～,10000,0,～,100,%,,
1279,アナログ,EO9061：MV,〇,装入材料温度：MV,WORD,FCS1:R:1419,0,～,10000,0,～,100,%,,
1280,アナログ,EO9061：MODE,〇,装入材料温度：MODE,WORD,FCS1:R:1420,0,～,10000,0,～,10000,,,
1281,デジタル,EO9061：ACAL,〇,装入材料温度：CAL,WORD,FCS1:R:1421:1,0,～,1,0,～,1,,,
1286,デジタル,EO9061：AIOP,〇,装入材料温度：IOP警報,WORD,FCS1:R:1421:10,0,～,1,0,～,1,,,
1306,アナログ,FCS1：STIM,〇,ﾏｽﾀｰｺﾝﾄﾛｰﾙ：STIM,WORD,FCS1:R:256,0,～,10000,0,～,10000,,,
1346,アナログ,TI1001A：PV,〇,加熱帯上部温度1：PV,WORD,FCS1:R:266,0,～,10000,0,～,1400,℃,,
1353,デジタル,TI1001A：ACAL,〇,加熱帯上部温度1：CAL,WORD,FCS1:R:273:1,0,～,1,0,～,1,,,
1360,デジタル,TI1001A：AIOP,〇,加熱帯上部温度1：IOP警報,WORD,FCS1:R:273:10,0,～,1,0,～,1,,,
1362,アナログ,TI1001B：PV,〇,加熱帯上部温度2：PV,WORD,FCS1:R:275,0,～,10000,0,～,1400,℃,,
1369,デジタル,TI1001B：ACAL,〇,加熱帯上部温度2：CAL,WORD,FCS1:R:282:1,0,～,1,0,～,1,,,
1376,デジタル,TI1001B：AIOP,〇,加熱帯上部温度2：IOP警報,WORD,FCS1:R:282:10,0,～,1,0,～,1,,,
1380,デジタル,TSEL1001：ACAL,〇,加熱帯上部温度選択：CAL,WORD,FCS1:R:286:1,0,～,1,0,～,1,,,
1386,デジタル,TFF1001：AIOP,〇,加熱上炉温FF：IOP警報,WORD,FCS1:R:287:2,0,～,1,0,～,1,,,
1387,アナログ,TIC1001：PV,〇,加熱帯上部炉温制御：PV,WORD,FCS1:R:288,0,～,10000,0,～,1400,℃,,
1388,アナログ,TIC1001：SV,〇,加熱帯上部炉温制御：SV,WORD,FCS1:R:289,0,～,10000,0,～,1400,℃,,
1389,アナログ,TIC1001：MV,〇,加熱帯上部炉温制御：MV,WORD,FCS1:R:290,0,～,10000,0,～,100,%,,
1390,アナログ,TIC1001：MODE,〇,加熱帯上部炉温制御：MODE,WORD,FCS1:R:291,0,～,10000,0,～,10000,,,
1391,アナログ,TIC1001：H,〇,加熱帯上部炉温制御：H,WORD,FCS1:R:292,0,～,10000,0,～,1400,℃,,
1392,アナログ,TIC1001：L,〇,加熱帯上部炉温制御：L,WORD,FCS1:R:293,0,～,10000,0,～,1400,℃,,
1393,アナログ,TIC1001：HH,〇,加熱帯上部炉温制御：HH,WORD,FCS1:R:294,0,～,10000,0,～,1400,℃,,
1394,アナログ,TIC1001：LL,〇,加熱帯上部炉温制御：LL,WORD,FCS1:R:295,0,～,10000,0,～,1400,℃,,
1397,デジタル,TIC1001：FMH,〇,加熱帯上部炉温制御：出力上限制限,WORD,FCS1:R:296:2,0,～,1,0,～,1,,,
1398,デジタル,TIC1001：FML,〇,加熱帯上部炉温制御：出力下限制限,WORD,FCS1:R:296:3,0,～,1,0,～,1,,,
1405,デジタル,TIC1001：AIOP,〇,加熱帯上部炉温制御：IOP警報,WORD,FCS1:R:296:10,0,～,1,0,～,1,,,
1431,デジタル,TSP1001A：AIOP,〇,加熱上計算機炉温設定：IOP警報,WORD,FCS1:R:307:10,0,～,1,0,～,1,,,
1440,デジタル,LIM1001：AIOP,〇,加熱帯上部低温時制限：IOP警報,WORD,FCS1:R:310:2,0,～,1,0,～,1,,,
1441,アナログ,TI2001A：PV,〇,加熱帯下部温度1：PV,WORD,FCS1:R:311,0,～,10000,0,～,1400,℃,,
1442,アナログ,TI2001A：H,〇,加熱帯下部温度1：H,WORD,FCS1:R:312,0,～,10000,0,～,1400,℃,,
1443,アナログ,TI2001A：L,〇,加熱帯下部温度1：L,WORD,FCS1:R:313,0,～,10000,0,～,1400,℃,,
1444,アナログ,TI2001A：HH,〇,加熱帯下部温度1：HH,WORD,FCS1:R:314,0,～,10000,0,～,1400,℃,,
1445,アナログ,TI2001A：LL,〇,加熱帯下部温度1：LL,WORD,FCS1:R:315,0,～,10000,0,～,1400,℃,,
1448,デジタル,TI2001A：ACAL,〇,加熱帯下部温度1：CAL,WORD,FCS1:R:318:1,0,～,1,0,～,1,,,
1455,デジタル,TI2001A：AIOP,〇,加熱帯下部温度1：IOP警報,WORD,FCS1:R:318:10,0,～,1,0,～,1,,,
1457,アナログ,TI2001B：PV,〇,加熱帯下部温度2：PV,WORD,FCS1:R:320,0,～,10000,0,～,1400,℃,,
1458,アナログ,TI2001B：H,〇,加熱帯下部温度2：H,WORD,FCS1:R:321,0,～,10000,0,～,1400,℃,,
1459,アナログ,TI2001B：L,〇,加熱帯下部温度2：L,WORD,FCS1:R:322,0,～,10000,0,～,1400,℃,,
1460,アナログ,TI2001B：HH,〇,加熱帯下部温度2：HH,WORD,FCS1:R:323,0,～,10000,0,～,1400,℃,,
1461,アナログ,TI2001B：LL,〇,加熱帯下部温度2：LL,WORD,FCS1:R:324,0,～,10000,0,～,1400,℃,,
1464,デジタル,TI2001B：ACAL,〇,加熱帯下部温度2：CAL,WORD,FCS1:R:327:1,0,～,1,0,～,1,,,
1471,デジタル,TI2001B：AIOP,〇,加熱帯下部温度2：IOP警報,WORD,FCS1:R:327:10,0,～,1,0,～,1,,,
1475,デジタル,TSEL2001：ACAL,〇,加熱帯下部温度選択：CAL,WORD,FCS1:R:331:1,0,～,1,0,～,1,,,
1481,デジタル,TFF2001：AIOP,〇,加熱下炉温FF：IOP警報,WORD,FCS1:R:332:2,0,～,1,0,～,1,,,
1482,アナログ,TIC2001：PV,〇,加熱帯下部炉温制御：PV,WORD,FCS1:R:333,0,～,10000,0,～,1400,℃,,
1483,アナログ,TIC2001：SV,〇,加熱帯下部炉温制御：SV,WORD,FCS1:R:334,0,～,10000,0,～,1400,℃,,
1484,アナログ,TIC2001：MV,〇,加熱帯下部炉温制御：MV,WORD,FCS1:R:335,0,～,10000,0,～,100,%,,
1485,アナログ,TIC2001：MODE,〇,加熱帯下部炉温制御：MODE,WORD,FCS1:R:336,0,～,10000,0,～,10000,,,
1486,アナログ,TIC2001：H,〇,加熱帯下部炉温制御：H,WORD,FCS1:R:337,0,～,10000,0,～,1400,℃,,
1487,アナログ,TIC2001：L,〇,加熱帯下部炉温制御：L,WORD,FCS1:R:338,0,～,10000,0,～,1400,℃,,
1488,アナログ,TIC2001：HH,〇,加熱帯下部炉温制御：HH,WORD,FCS1:R:339,0,～,10000,0,～,1400,℃,,
1489,アナログ,TIC2001：LL,〇,加熱帯下部炉温制御：LL,WORD,FCS1:R:340,0,～,10000,0,～,1400,℃,,
1492,デジタル,TIC2001：FMH,〇,加熱帯下部炉温制御：出力上限制限,WORD,FCS1:R:341:2,0,～,1,0,～,1,,,
1493,デジタル,TIC2001：FML,〇,加熱帯下部炉温制御：出力下限制限,WORD,FCS1:R:341:3,0,～,1,0,～,1,,,
1500,デジタル,TIC2001：AIOP,〇,加熱帯下部炉温制御：IOP警報,WORD,FCS1:R:341:10,0,～,1,0,～,1,,,
1526,デジタル,TSP2001A：AIOP,〇,加熱下計算機炉温設定：IOP警報,WORD,FCS1:R:352:10,0,～,1,0,～,1,,,
1535,デジタル,LIM2001：AIOP,〇,加熱帯下部低温時制限：IOP警報,WORD,FCS1:R:355:2,0,～,1,0,～,1,,,
1576,デジタル,U1001：AIOP,〇,1Z空気比実績：IOP警報,WORD,FCS1:R:1317:10,0,～,1,0,～,1,,,
1592,デジタル,U2001：AIOP,〇,2Z空気比実績：IOP警報,WORD,FCS1:R:1326:10,0,～,1,0,～,1,,,
1598,アナログ,FIC1002：PV,〇,加熱帯上部LNG流量制御：PV,WORD,FCS1:R:370,0,～,10000,0,～,2000,Nm3/h,,
1599,アナログ,FIC1002：SV,〇,加熱帯上部LNG流量制御：SV,WORD,FCS1:R:371,0,～,10000,0,～,2000,Nm3/h,,
1600,アナログ,FIC1002：MV,〇,加熱帯上部LNG流量制御：MV,WORD,FCS1:R:372,0,～,10000,0,～,100,%,,
1601,アナログ,FIC1002：MODE,〇,加熱帯上部LNG流量制御：MODE,WORD,FCS1:R:373,0,～,10000,0,～,10000,,,
1602,アナログ,FIC1002：H,〇,加熱帯上部LNG流量制御：H,WORD,FCS1:R:374,0,～,10000,0,～,2000,Nm3/h,,
1603,アナログ,FIC1002：L,〇,加熱帯上部LNG流量制御：L,WORD,FCS1:R:375,0,～,10000,0,～,2000,Nm3/h,,
1604,アナログ,FIC1002：HH,〇,加熱帯上部LNG流量制御：HH,WORD,FCS1:R:376,0,～,10000,0,～,2000,Nm3/h,,
1605,アナログ,FIC1002：LL,〇,加熱帯上部LNG流量制御：LL,WORD,FCS1:R:377,0,～,10000,0,～,2000,Nm3/h,,
1608,デジタル,FIC1002：FMH,〇,加熱帯上部LNG流量制御：出力上限制限,WORD,FCS1:R:378:2,0,～,1,0,～,1,,,
1609,デジタル,FIC1002：FML,〇,加熱帯上部LNG流量制御：出力下限制限,WORD,FCS1:R:378:3,0,～,1,0,～,1,,,
1616,デジタル,FIC1002：AIOP,〇,加熱帯上部LNG流量制御：IOP警報,WORD,FCS1:R:378:10,0,～,1,0,～,1,,,
1628,アナログ,FIC1003：PV,〇,加熱帯上部燃焼空気流量制御：PV,WORD,FCS1:R:383,0,～,10000,0,～,23000,Nm3/h,,
1629,アナログ,FIC1003：SV,〇,加熱帯上部燃焼空気流量制御：SV,WORD,FCS1:R:384,0,～,10000,0,～,23000,Nm3/h,,
1630,アナログ,FIC1003：MV,〇,加熱帯上部燃焼空気流量制御：MV,WORD,FCS1:R:385,0,～,10000,0,～,100,%,,
1631,アナログ,FIC1003：MODE,〇,加熱帯上部燃焼空気流量制御：MODE,WORD,FCS1:R:386,0,～,10000,0,～,10000,,,
1632,アナログ,FIC1003：H,〇,加熱帯上部燃焼空気流量制御：H,WORD,FCS1:R:387,0,～,10000,0,～,23000,Nm3/h,,
1633,アナログ,FIC1003：L,〇,加熱帯上部燃焼空気流量制御：L,WORD,FCS1:R:388,0,～,10000,0,～,23000,Nm3/h,,
1634,アナログ,FIC1003：HH,〇,加熱帯上部燃焼空気流量制御：HH,WORD,FCS1:R:389,0,～,10000,0,～,23000,Nm3/h,,
1635,アナログ,FIC1003：LL,〇,加熱帯上部燃焼空気流量制御：LL,WORD,FCS1:R:390,0,～,10000,0,～,23000,Nm3/h,,
1638,デジタル,FIC1003：FMH,〇,加熱帯上部燃焼空気流量制御：出力上限制限,WORD,FCS1:R:391:2,0,～,1,0,～,1,,,
1639,デジタル,FIC1003：FML,〇,加熱帯上部燃焼空気流量制御：出力下限制限,WORD,FCS1:R:391:3,0,～,1,0,～,1,,,
1646,デジタル,FIC1003：AIOP,〇,加熱帯上部燃焼空気流量制御：IOP警報,WORD,FCS1:R:391:10,0,～,1,0,～,1,,,
1655,デジタル,FY1004H：AIOP,〇,加熱帯上部排ｶﾞｽ流量開平：IOP警報,WORD,FCS1:R:394:2,0,～,1,0,～,1,,,
1656,アナログ,TI1009：PV,〇,加熱帯上部排ｶﾞｽ温度：PV,WORD,FCS1:R:395,0,～,10000,0,～,500,℃,,
1657,アナログ,TI1009：H,〇,加熱帯上部排ｶﾞｽ温度：H,WORD,FCS1:R:396,0,～,10000,0,～,500,℃,,
1658,アナログ,TI1009：L,〇,加熱帯上部排ｶﾞｽ温度：L,WORD,FCS1:R:397,0,～,10000,0,～,500,℃,,
1659,アナログ,TI1009：HH,〇,加熱帯上部排ｶﾞｽ温度：HH,WORD,FCS1:R:398,0,～,10000,0,～,500,℃,,
1660,アナログ,TI1009：LL,〇,加熱帯上部排ｶﾞｽ温度：LL,WORD,FCS1:R:399,0,～,10000,0,～,500,℃,,
1663,デジタル,TI1009：ACAL,〇,加熱帯上部排ｶﾞｽ温度：CAL,WORD,FCS1:R:402:1,0,～,1,0,～,1,,,
1670,デジタル,TI1009：AIOP,〇,加熱帯上部排ｶﾞｽ温度：IOP警報,WORD,FCS1:R:402:10,0,～,1,0,～,1,,,
1673,デジタル,FY1004：AIOP,〇,加熱帯上部排ｶﾞｽ流量補正：IOP警報,WORD,FCS1:R:404:2,0,～,1,0,～,1,,,
1674,アナログ,FIC1004：PV,〇,加熱帯上部排ｶﾞｽ流量制御：PV,WORD,FCS1:R:405,0,～,10000,0,～,20000,Nm3/h,,
1675,アナログ,FIC1004：SV,〇,加熱帯上部排ｶﾞｽ流量制御：SV,WORD,FCS1:R:406,0,～,10000,0,～,20000,Nm3/h,,
1676,アナログ,FIC1004：MV,〇,加熱帯上部排ｶﾞｽ流量制御：MV,WORD,FCS1:R:407,0,～,10000,0,～,100,%,,
1677,アナログ,FIC1004：MODE,〇,加熱帯上部排ｶﾞｽ流量制御：MODE,WORD,FCS1:R:408,0,～,10000,0,～,10000,,,
1678,アナログ,FIC1004：H,〇,加熱帯上部排ｶﾞｽ流量制御：H,WORD,FCS1:R:409,0,～,10000,0,～,20000,Nm3/h,,
1679,アナログ,FIC1004：L,〇,加熱帯上部排ｶﾞｽ流量制御：L,WORD,FCS1:R:410,0,～,10000,0,～,20000,Nm3/h,,
1680,アナログ,FIC1004：HH,〇,加熱帯上部排ｶﾞｽ流量制御：HH,WORD,FCS1:R:411,0,～,10000,0,～,20000,Nm3/h,,
1681,アナログ,FIC1004：LL,〇,加熱帯上部排ｶﾞｽ流量制御：LL,WORD,FCS1:R:412,0,～,10000,0,～,20000,Nm3/h,,
1684,デジタル,FIC1004：FMH,〇,加熱帯上部排ｶﾞｽ流量制御：出力上限制限,WORD,FCS1:R:413:2,0,～,1,0,～,1,,,
1685,デジタル,FIC1004：FML,〇,加熱帯上部排ｶﾞｽ流量制御：出力下限制限,WORD,FCS1:R:413:3,0,～,1,0,～,1,,,
1692,デジタル,FIC1004：AIOP,〇,加熱帯上部排ｶﾞｽ流量制御：IOP警報,WORD,FCS1:R:413:10,0,～,1,0,～,1,,,
1765,アナログ,FIC2002：PV,〇,加熱帯下部LNG流量制御：PV,WORD,FCS1:R:444,0,～,10000,0,～,2500,Nm3/h,,
1766,アナログ,FIC2002：SV,〇,加熱帯下部LNG流量制御：SV,WORD,FCS1:R:445,0,～,10000,0,～,2500,Nm3/h,,
1767,アナログ,FIC2002：MV,〇,加熱帯下部LNG流量制御：MV,WORD,FCS1:R:446,0,～,10000,0,～,100,%,,
1768,アナログ,FIC2002：MODE,〇,加熱帯下部LNG流量制御：MODE,WORD,FCS1:R:447,0,～,10000,0,～,10000,,,
1769,アナログ,FIC2002：H,〇,加熱帯下部LNG流量制御：H,WORD,FCS1:R:448,0,～,10000,0,～,2500,Nm3/h,,
1770,アナログ,FIC2002：L,〇,加熱帯下部LNG流量制御：L,WORD,FCS1:R:449,0,～,10000,0,～,2500,Nm3/h,,
1771,アナログ,FIC2002：HH,〇,加熱帯下部LNG流量制御：HH,WORD,FCS1:R:450,0,～,10000,0,～,2500,Nm3/h,,
1772,アナログ,FIC2002：LL,〇,加熱帯下部LNG流量制御：LL,WORD,FCS1:R:451,0,～,10000,0,～,2500,Nm3/h,,
1775,デジタル,FIC2002：FMH,〇,加熱帯下部LNG流量制御：出力上限制限,WORD,FCS1:R:452:2,0,～,1,0,～,1,,,
1776,デジタル,FIC2002：FML,〇,加熱帯下部LNG流量制御：出力下限制限,WORD,FCS1:R:452:3,0,～,1,0,～,1,,,
1795,アナログ,FIC2003：PV,〇,加熱帯下部燃焼空気流量制御：PV,WORD,FCS1:R:457,0,～,10000,0,～,29000,Nm3/h,,
1796,アナログ,FIC2003：SV,〇,加熱帯下部燃焼空気流量制御：SV,WORD,FCS1:R:458,0,～,10000,0,～,29000,Nm3/h,,
1797,アナログ,FIC2003：MV,〇,加熱帯下部燃焼空気流量制御：MV,WORD,FCS1:R:459,0,～,10000,0,～,100,%,,
1798,アナログ,FIC2003：MODE,〇,加熱帯下部燃焼空気流量制御：MODE,WORD,FCS1:R:460,0,～,10000,0,～,10000,,,
1799,アナログ,FIC2003：H,〇,加熱帯下部燃焼空気流量制御：H,WORD,FCS1:R:461,0,～,10000,0,～,29000,Nm3/h,,
1800,アナログ,FIC2003：L,〇,加熱帯下部燃焼空気流量制御：L,WORD,FCS1:R:462,0,～,10000,0,～,29000,Nm3/h,,
1801,アナログ,FIC2003：HH,〇,加熱帯下部燃焼空気流量制御：HH,WORD,FCS1:R:463,0,～,10000,0,～,29000,Nm3/h,,
1802,アナログ,FIC2003：LL,〇,加熱帯下部燃焼空気流量制御：LL,WORD,FCS1:R:464,0,～,10000,0,～,29000,Nm3/h,,
1805,デジタル,FIC2003：FMH,〇,加熱帯下部燃焼空気流量制御：出力上限制限,WORD,FCS1:R:465:2,0,～,1,0,～,1,,,
1806,デジタル,FIC2003：FML,〇,加熱帯下部燃焼空気流量制御：出力下限制限,WORD,FCS1:R:465:3,0,～,1,0,～,1,,,
1813,デジタル,FIC2003：AIOP,〇,加熱帯下部燃焼空気流量制御：IOP警報,WORD,FCS1:R:465:10,0,～,1,0,～,1,,,
1825,アナログ,FIC2004：PV,〇,加熱帯下部排ｶﾞｽ流量制御：PV,WORD,FCS1:R:470,0,～,10000,0,～,25000,Nm3/h,,
1826,アナログ,FIC2004：SV,〇,加熱帯下部排ｶﾞｽ流量制御：SV,WORD,FCS1:R:471,0,～,10000,0,～,25000,Nm3/h,,
1827,アナログ,FIC2004：MV,〇,加熱帯下部排ｶﾞｽ流量制御：MV,WORD,FCS1:R:472,0,～,10000,0,～,100,%,,
1828,アナログ,FIC2004：MODE,〇,加熱帯下部排ｶﾞｽ流量制御：MODE,WORD,FCS1:R:473,0,～,10000,0,～,10000,,,
1829,アナログ,FIC2004：H,〇,加熱帯下部排ｶﾞｽ流量制御：H,WORD,FCS1:R:474,0,～,10000,0,～,25000,Nm3/h,,
1830,アナログ,FIC2004：L,〇,加熱帯下部排ｶﾞｽ流量制御：L,WORD,FCS1:R:475,0,～,10000,0,～,25000,Nm3/h,,
1831,アナログ,FIC2004：HH,〇,加熱帯下部排ｶﾞｽ流量制御：HH,WORD,FCS1:R:476,0,～,10000,0,～,25000,Nm3/h,,
1832,アナログ,FIC2004：LL,〇,加熱帯下部排ｶﾞｽ流量制御：LL,WORD,FCS1:R:477,0,～,10000,0,～,25000,Nm3/h,,
1835,デジタル,FIC2004：FMH,〇,加熱帯下部排ｶﾞｽ流量制御：出力上限制限,WORD,FCS1:R:478:2,0,～,1,0,～,1,,,
1836,デジタル,FIC2004：FML,〇,加熱帯下部排ｶﾞｽ流量制御：出力下限制限,WORD,FCS1:R:478:3,0,～,1,0,～,1,,,
1843,デジタル,FIC2004：AIOP,〇,加熱帯下部排ｶﾞｽ流量制御：IOP警報,WORD,FCS1:R:478:10,0,～,1,0,～,1,,,
1855,アナログ,TI2009：PV,〇,加熱帯下部排ｶﾞｽ温度：PV,WORD,FCS1:R:483,0,～,10000,0,～,500,℃,,
1856,アナログ,TI2009：H,〇,加熱帯下部排ｶﾞｽ温度：H,WORD,FCS1:R:484,0,～,10000,0,～,500,℃,,
1857,アナログ,TI2009：L,〇,加熱帯下部排ｶﾞｽ温度：L,WORD,FCS1:R:485,0,～,10000,0,～,500,℃,,
1858,アナログ,TI2009：HH,〇,加熱帯下部排ｶﾞｽ温度：HH,WORD,FCS1:R:486,0,～,10000,0,～,500,℃,,
1859,アナログ,TI2009：LL,〇,加熱帯下部排ｶﾞｽ温度：LL,WORD,FCS1:R:487,0,～,10000,0,～,500,℃,,
1862,デジタル,TI2009：ACAL,〇,加熱帯下部排ｶﾞｽ温度：CAL,WORD,FCS1:R:490:1,0,～,1,0,～,1,,,
1869,デジタル,TI2009：AIOP,〇,加熱帯下部排ｶﾞｽ温度：IOP警報,WORD,FCS1:R:490:10,0,～,1,0,～,1,,,
1936,アナログ,TI3001A：PV,〇,均熱帯上部温度1：PV,WORD,FCS1:R:520,0,～,10000,0,～,1400,℃,,
1937,アナログ,TI3001A：H,〇,均熱帯上部温度1：H,WORD,FCS1:R:521,0,～,10000,0,～,1400,℃,,
1938,アナログ,TI3001A：L,〇,均熱帯上部温度1：L,WORD,FCS1:R:522,0,～,10000,0,～,1400,℃,,
1939,アナログ,TI3001A：HH,〇,均熱帯上部温度1：HH,WORD,FCS1:R:523,0,～,10000,0,～,1400,℃,,
1940,アナログ,TI3001A：LL,〇,均熱帯上部温度1：LL,WORD,FCS1:R:524,0,～,10000,0,～,1400,℃,,
1943,デジタル,TI3001A：ACAL,〇,均熱帯上部温度1：CAL,WORD,FCS1:R:527:1,0,～,1,0,～,1,,,
1950,デジタル,TI3001A：AIOP,〇,均熱帯上部温度1：IOP警報,WORD,FCS1:R:527:10,0,～,1,0,～,1,,,
1952,アナログ,TI3001B：PV,〇,均熱帯上部温度2：PV,WORD,FCS1:R:529,0,～,10000,0,～,1400,℃,,
1953,アナログ,TI3001B：H,〇,均熱帯上部温度2：H,WORD,FCS1:R:530,0,～,10000,0,～,1400,℃,,
1954,アナログ,TI3001B：L,〇,均熱帯上部温度2：L,WORD,FCS1:R:531,0,～,10000,0,～,1400,℃,,
1955,アナログ,TI3001B：HH,〇,均熱帯上部温度2：HH,WORD,FCS1:R:532,0,～,10000,0,～,1400,℃,,
1959,デジタル,TI3001B：ACAL,〇,均熱帯上部温度2：CAL,WORD,FCS1:R:536:1,0,～,1,0,～,1,,,
1966,デジタル,TI3001B：AIOP,〇,均熱帯上部温度2：IOP警報,WORD,FCS1:R:536:10,0,～,1,0,～,1,,,
1968,アナログ,TIC3001：PV,〇,均熱帯上部炉温制御：PV,WORD,FCS1:R:538,0,～,10000,0,～,1400,℃,,
1969,アナログ,TIC3001：SV,〇,均熱帯上部炉温制御：SV,WORD,FCS1:R:539,0,～,10000,0,～,1400,℃,,
1970,アナログ,TIC3001：MV,〇,均熱帯上部炉温制御：MV,WORD,FCS1:R:540,0,～,10000,0,～,100,%,,
1971,アナログ,TIC3001：MODE,〇,均熱帯上部炉温制御：MODE,WORD,FCS1:R:541,0,～,10000,0,～,10000,,,
1972,アナログ,TIC3001：H,〇,均熱帯上部炉温制御：H,WORD,FCS1:R:542,0,～,10000,0,～,1400,℃,,
1973,アナログ,TIC3001：L,〇,均熱帯上部炉温制御：L,WORD,FCS1:R:543,0,～,10000,0,～,1400,℃,,
1974,アナログ,TIC3001：HH,〇,均熱帯上部炉温制御：HH,WORD,FCS1:R:544,0,～,10000,0,～,1400,℃,,
1975,アナログ,TIC3001：LL,〇,均熱帯上部炉温制御：LL,WORD,FCS1:R:545,0,～,10000,0,～,1400,℃,,
1978,デジタル,TIC3001：FMH,〇,均熱帯上部炉温制御：出力上限制限,WORD,FCS1:R:546:2,0,～,1,0,～,1,,,
1979,デジタル,TIC3001：FML,〇,均熱帯上部炉温制御：出力下限制限,WORD,FCS1:R:546:3,0,～,1,0,～,1,,,
1986,デジタル,TIC3001：AIOP,〇,均熱帯上部炉温制御：IOP警報,WORD,FCS1:R:546:10,0,～,1,0,～,1,,,
2002,デジタル,TFF3001：AIOP,〇,均熱上炉温FF：IOP警報,WORD,FCS1:R:552:2,0,～,1,0,～,1,,,
2023,デジタル,TSP3001A：AIOP,〇,均熱上計算機炉温設定：IOP警報,WORD,FCS1:R:562:10,0,～,1,0,～,1,,,
2031,アナログ,TI4001A：PV,〇,均熱帯下部温度1：PV,WORD,FCS1:R:574,0,～,10000,0,～,1400,℃,,
2032,アナログ,TI4001A：H,〇,均熱帯下部温度1：H,WORD,FCS1:R:575,0,～,10000,0,～,1400,℃,,
2033,アナログ,TI4001A：L,〇,均熱帯下部温度1：L,WORD,FCS1:R:576,0,～,10000,0,～,1400,℃,,
2034,アナログ,TI4001A：HH,〇,均熱帯下部温度1：HH,WORD,FCS1:R:577,0,～,10000,0,～,1400,℃,,
2035,アナログ,TI4001A：LL,〇,均熱帯下部温度1：LL,WORD,FCS1:R:578,0,～,10000,0,～,1400,℃,,
2038,デジタル,TI4001A：ACAL,〇,均熱帯下部温度1：CAL,WORD,FCS1:R:581:1,0,～,1,0,～,1,,,
2045,デジタル,TI4001A：AIOP,〇,均熱帯下部温度1：IOP警報,WORD,FCS1:R:581:10,0,～,1,0,～,1,,,
2047,アナログ,TI4001B：PV,〇,均熱帯下部温度2：PV,WORD,FCS1:R:583,0,～,10000,0,～,1400,℃,,
2048,アナログ,TI4001B：H,〇,均熱帯下部温度2：H,WORD,FCS1:R:584,0,～,10000,0,～,1400,℃,,
2049,アナログ,TI4001B：L,〇,均熱帯下部温度2：L,WORD,FCS1:R:585,0,～,10000,0,～,1400,℃,,
2050,アナログ,TI4001B：HH,〇,均熱帯下部温度2：HH,WORD,FCS1:R:586,0,～,10000,0,～,1400,℃,,
2051,アナログ,TI4001B：LL,〇,均熱帯下部温度2：LL,WORD,FCS1:R:587,0,～,10000,0,～,1400,℃,,
2054,デジタル,TI4001B：ACAL,〇,均熱帯下部温度2：CAL,WORD,FCS1:R:590:1,0,～,1,0,～,1,,,
2061,デジタル,TI4001B：AIOP,〇,均熱帯下部温度2：IOP警報,WORD,FCS1:R:590:10,0,～,1,0,～,1,,,
2074,アナログ,TIC4001：PV,〇,均熱帯下部炉温制御：PV,WORD,FCS1:R:597,0,～,10000,0,～,1400,℃,,
2075,アナログ,TIC4001：SV,〇,均熱帯下部炉温制御：SV,WORD,FCS1:R:598,0,～,10000,0,～,1400,℃,,
2076,アナログ,TIC4001：MV,〇,均熱帯下部炉温制御：MV,WORD,FCS1:R:599,0,～,10000,0,～,100,%,,
2077,アナログ,TIC4001：MODE,〇,均熱帯下部炉温制御：MODE,WORD,FCS1:R:600,0,～,10000,0,～,10000,,,
2078,アナログ,TIC4001：H,〇,均熱帯下部炉温制御：H,WORD,FCS1:R:601,0,～,10000,0,～,1400,℃,,
2079,アナログ,TIC4001：L,〇,均熱帯下部炉温制御：L,WORD,FCS1:R:602,0,～,10000,0,～,1400,℃,,
2080,アナログ,TIC4001：HH,〇,均熱帯下部炉温制御：HH,WORD,FCS1:R:603,0,～,10000,0,～,1400,℃,,
2081,アナログ,TIC4001：LL,〇,均熱帯下部炉温制御：LL,WORD,FCS1:R:604,0,～,10000,0,～,1400,℃,,
2084,デジタル,TIC4001：FMH,〇,均熱帯下部炉温制御：出力上限制限,WORD,FCS1:R:605:2,0,～,1,0,～,1,,,
2085,デジタル,TIC4001：FML,〇,均熱帯下部炉温制御：出力下限制限,WORD,FCS1:R:605:3,0,～,1,0,～,1,,,
2092,デジタル,TIC4001：AIOP,〇,均熱帯下部炉温制御：IOP警報,WORD,FCS1:R:605:10,0,～,1,0,～,1,,,
2118,デジタル,TSP4001A：AIOP,〇,均熱下計算機炉温設定：IOP警報,WORD,FCS1:R:616:10,0,～,1,0,～,1,,,
2166,デジタル,U3001：AIOP,〇,3Z空気比実績：IOP警報,WORD,FCS1:R:1335:10,0,～,1,0,～,1,,,
2182,デジタル,U4001：AIOP,〇,4Z空気比実績：IOP警報,WORD,FCS1:R:1344:10,0,～,1,0,～,1,,,
2188,アナログ,FIC3002：PV,〇,均熱帯上部LNG流量制御：PV,WORD,FCS1:R:633,0,～,10000,0,～,360,Nm3/h,,
2189,アナログ,FIC3002：SV,〇,均熱帯上部LNG流量制御：SV,WORD,FCS1:R:634,0,～,10000,0,～,360,Nm3/h,,
2190,アナログ,FIC3002：MV,〇,均熱帯上部LNG流量制御：MV,WORD,FCS1:R:635,0,～,10000,0,～,100,%,,
2191,アナログ,FIC3002：MODE,〇,均熱帯上部LNG流量制御：MODE,WORD,FCS1:R:636,0,～,10000,0,～,10000,,,
2192,アナログ,FIC3002：H,〇,均熱帯上部LNG流量制御：H,WORD,FCS1:R:637,0,～,10000,0,～,360,Nm3/h,,
2193,アナログ,FIC3002：L,〇,均熱帯上部LNG流量制御：L,WORD,FCS1:R:638,0,～,10000,0,～,360,Nm3/h,,
2194,アナログ,FIC3002：HH,〇,均熱帯上部LNG流量制御：HH,WORD,FCS1:R:639,0,～,10000,0,～,360,Nm3/h,,
2195,アナログ,FIC3002：LL,〇,均熱帯上部LNG流量制御：LL,WORD,FCS1:R:640,0,～,10000,0,～,360,Nm3/h,,
2198,デジタル,FIC3002：FMH,〇,均熱帯上部LNG流量制御：出力上限制限,WORD,FCS1:R:641:2,0,～,1,0,～,1,,,
2199,デジタル,FIC3002：FML,〇,均熱帯上部LNG流量制御：出力下限制限,WORD,FCS1:R:641:3,0,～,1,0,～,1,,,
2206,デジタル,FIC3002：AIOP,〇,均熱帯上部LNG流量制御：IOP警報,WORD,FCS1:R:641:10,0,～,1,0,～,1,,,
2218,アナログ,FIC3003：PV,〇,均熱帯上部燃焼空気流量制御：PV,WORD,FCS1:R:646,0,～,10000,0,～,4600,Nm3/h,,
2219,アナログ,FIC3003：SV,〇,均熱帯上部燃焼空気流量制御：SV,WORD,FCS1:R:647,0,～,10000,0,～,4600,Nm3/h,,
2220,アナログ,FIC3003：MV,〇,均熱帯上部燃焼空気流量制御：MV,WORD,FCS1:R:648,0,～,10000,0,～,100,%,,
2221,アナログ,FIC3003：MODE,〇,均熱帯上部燃焼空気流量制御：MODE,WORD,FCS1:R:649,0,～,10000,0,～,10000,,,
2222,アナログ,FIC3003：H,〇,均熱帯上部燃焼空気流量制御：H,WORD,FCS1:R:650,0,～,10000,0,～,4600,Nm3/h,,
2223,アナログ,FIC3003：L,〇,均熱帯上部燃焼空気流量制御：L,WORD,FCS1:R:651,0,～,10000,0,～,4600,Nm3/h,,
2224,アナログ,FIC3003：HH,〇,均熱帯上部燃焼空気流量制御：HH,WORD,FCS1:R:652,0,～,10000,0,～,4600,Nm3/h,,
2225,アナログ,FIC3003：LL,〇,均熱帯上部燃焼空気流量制御：LL,WORD,FCS1:R:653,0,～,10000,0,～,4600,Nm3/h,,
2228,デジタル,FIC3003：FMH,〇,均熱帯上部燃焼空気流量制御：出力上限制限,WORD,FCS1:R:654:2,0,～,1,0,～,1,,,
2229,デジタル,FIC3003：FML,〇,均熱帯上部燃焼空気流量制御：出力下限制限,WORD,FCS1:R:654:3,0,～,1,0,～,1,,,
2236,デジタル,FIC3003：AIOP,〇,均熱帯上部燃焼空気流量制御：IOP警報,WORD,FCS1:R:654:10,0,～,1,0,～,1,,,
2244,アナログ,TI3009：PV,〇,均熱帯上部排ｶﾞｽ温度：PV,WORD,FCS1:R:657,0,～,10000,0,～,500,℃,,
2245,アナログ,TI3009：H,〇,均熱帯上部排ｶﾞｽ温度：H,WORD,FCS1:R:658,0,～,10000,0,～,500,℃,,
2246,アナログ,TI3009：L,〇,均熱帯上部排ｶﾞｽ温度：L,WORD,FCS1:R:659,0,～,10000,0,～,500,℃,,
2247,アナログ,TI3009：HH,〇,均熱帯上部排ｶﾞｽ温度：HH,WORD,FCS1:R:660,0,～,10000,0,～,500,℃,,
2248,アナログ,TI3009：LL,〇,均熱帯上部排ｶﾞｽ温度：LL,WORD,FCS1:R:661,0,～,10000,0,～,500,℃,,
2251,デジタル,TI3009：ACAL,〇,均熱帯上部排ｶﾞｽ温度：CAL,WORD,FCS1:R:664:1,0,～,1,0,～,1,,,
2258,デジタル,TI3009：AIOP,〇,均熱帯上部排ｶﾞｽ温度：IOP警報,WORD,FCS1:R:664:10,0,～,1,0,～,1,,,
2264,アナログ,FIC3004：PV,〇,均熱帯上部排ｶﾞｽ流量制御：PV,WORD,FCS1:R:668,0,～,10000,0,～,4000,Nm3/h,,
2265,アナログ,FIC3004：SV,〇,均熱帯上部排ｶﾞｽ流量制御：SV,WORD,FCS1:R:669,0,～,10000,0,～,4000,Nm3/h,,
2266,アナログ,FIC3004：MV,〇,均熱帯上部排ｶﾞｽ流量制御：MV,WORD,FCS1:R:670,0,～,10000,0,～,100,%,,
2267,アナログ,FIC3004：MODE,〇,均熱帯上部排ｶﾞｽ流量制御：MODE,WORD,FCS1:R:671,0,～,10000,0,～,10000,,,
2268,アナログ,FIC3004：H,〇,均熱帯上部排ｶﾞｽ流量制御：H,WORD,FCS1:R:672,0,～,10000,0,～,4000,Nm3/h,,
2269,アナログ,FIC3004：L,〇,均熱帯上部排ｶﾞｽ流量制御：L,WORD,FCS1:R:673,0,～,10000,0,～,4000,Nm3/h,,
2270,アナログ,FIC3004：HH,〇,均熱帯上部排ｶﾞｽ流量制御：HH,WORD,FCS1:R:674,0,～,10000,0,～,4000,Nm3/h,,
2271,アナログ,FIC3004：LL,〇,均熱帯上部排ｶﾞｽ流量制御：LL,WORD,FCS1:R:675,0,～,10000,0,～,4000,Nm3/h,,
2274,デジタル,FIC3004：FMH,〇,均熱帯上部排ｶﾞｽ流量制御：出力上限制限,WORD,FCS1:R:676:2,0,～,1,0,～,1,,,
2275,デジタル,FIC3004：FML,〇,均熱帯上部排ｶﾞｽ流量制御：出力下限制限,WORD,FCS1:R:676:3,0,～,1,0,～,1,,,
2282,デジタル,FIC3004：AIOP,〇,均熱帯上部排ｶﾞｽ流量制御：IOP警報,WORD,FCS1:R:676:10,0,～,1,0,～,1,,,
2356,デジタル,FY4002H：AIOP,〇,均熱帯下部LNG流量開平：IOP警報,WORD,FCS1:R:707:2,0,～,1,0,～,1,,,
2358,デジタル,FY4002：AIOP,〇,均熱帯下部LNG流量補正：IOP警報,WORD,FCS1:R:708:2,0,～,1,0,～,1,,,
2359,アナログ,FIC4002：PV,〇,均熱帯下部LNG流量制御：PV,WORD,FCS1:R:709,0,～,10000,0,～,440,Nm3/h,,
2360,アナログ,FIC4002：SV,〇,均熱帯下部LNG流量制御：SV,WORD,FCS1:R:710,0,～,10000,0,～,440,Nm3/h,,
2361,アナログ,FIC4002：MV,〇,均熱帯下部LNG流量制御：MV,WORD,FCS1:R:711,0,～,10000,0,～,100,%,,
2362,アナログ,FIC4002：MODE,〇,均熱帯下部LNG流量制御：MODE,WORD,FCS1:R:712,0,～,10000,0,～,10000,,,
2363,アナログ,FIC4002：H,〇,均熱帯下部LNG流量制御：H,WORD,FCS1:R:713,0,～,10000,0,～,440,Nm3/h,,
2364,アナログ,FIC4002：L,〇,均熱帯下部LNG流量制御：L,WORD,FCS1:R:714,0,～,10000,0,～,440,Nm3/h,,
2365,アナログ,FIC4002：HH,〇,均熱帯下部LNG流量制御：HH,WORD,FCS1:R:715,0,～,10000,0,～,440,Nm3/h,,
2366,アナログ,FIC4002：LL,〇,均熱帯下部LNG流量制御：LL,WORD,FCS1:R:716,0,～,10000,0,～,440,Nm3/h,,
2369,デジタル,FIC4002：FMH,〇,均熱帯下部LNG流量制御：出力上限制限,WORD,FCS1:R:717:2,0,～,1,0,～,1,,,
2370,デジタル,FIC4002：FML,〇,均熱帯下部LNG流量制御：出力下限制限,WORD,FCS1:R:717:3,0,～,1,0,～,1,,,
2377,デジタル,FIC4002：AIOP,〇,均熱帯下部LNG流量制御：IOP警報,WORD,FCS1:R:717:10,0,～,1,0,～,1,,,
2389,アナログ,FIC4003：PV,〇,均熱帯下部燃焼空気流量制御：PV,WORD,FCS1:R:722,0,～,10000,0,～,5500,Nm3/h,,
2390,アナログ,FIC4003：SV,〇,均熱帯下部燃焼空気流量制御：SV,WORD,FCS1:R:723,0,～,10000,0,～,5500,Nm3/h,,
2391,アナログ,FIC4003：MV,〇,均熱帯下部燃焼空気流量制御：MV,WORD,FCS1:R:724,0,～,10000,0,～,100,%,,
2392,アナログ,FIC4003：MODE,〇,均熱帯下部燃焼空気流量制御：MODE,WORD,FCS1:R:725,0,～,10000,0,～,10000,,,
2393,アナログ,FIC4003：H,〇,均熱帯下部燃焼空気流量制御：H,WORD,FCS1:R:726,0,～,10000,0,～,5500,Nm3/h,,
2394,アナログ,FIC4003：L,〇,均熱帯下部燃焼空気流量制御：L,WORD,FCS1:R:727,0,～,10000,0,～,5500,Nm3/h,,
2395,アナログ,FIC4003：HH,〇,均熱帯下部燃焼空気流量制御：HH,WORD,FCS1:R:728,0,～,10000,0,～,5500,Nm3/h,,
2396,アナログ,FIC4003：LL,〇,均熱帯下部燃焼空気流量制御：LL,WORD,FCS1:R:729,0,～,10000,0,～,5500,Nm3/h,,
2399,デジタル,FIC4003：FMH,〇,均熱帯下部燃焼空気流量制御：出力上限制限,WORD,FCS1:R:730:2,0,～,1,0,～,1,,,
2400,デジタル,FIC4003：FML,〇,均熱帯下部燃焼空気流量制御：出力下限制限,WORD,FCS1:R:730:3,0,～,1,0,～,1,,,
2407,デジタル,FIC4003：AIOP,〇,均熱帯下部燃焼空気流量制御：IOP警報,WORD,FCS1:R:730:10,0,～,1,0,～,1,,,
2415,アナログ,TI4009：PV,〇,均熱帯下部排ｶﾞｽ温度：PV,WORD,FCS1:R:733,0,～,10000,0,～,500,℃,,
2416,アナログ,TI4009：H,〇,均熱帯下部排ｶﾞｽ温度：H,WORD,FCS1:R:734,0,～,10000,0,～,500,℃,,
2417,アナログ,TI4009：L,〇,均熱帯下部排ｶﾞｽ温度：L,WORD,FCS1:R:735,0,～,10000,0,～,500,℃,,
2418,アナログ,TI4009：HH,〇,均熱帯下部排ｶﾞｽ温度：HH,WORD,FCS1:R:736,0,～,10000,0,～,500,℃,,
2419,アナログ,TI4009：LL,〇,均熱帯下部排ｶﾞｽ温度：LL,WORD,FCS1:R:737,0,～,10000,0,～,500,℃,,
2422,デジタル,TI4009：ACAL,〇,均熱帯下部排ｶﾞｽ温度：CAL,WORD,FCS1:R:740:1,0,～,1,0,～,1,,,
2429,デジタル,TI4009：AIOP,〇,均熱帯下部排ｶﾞｽ温度：IOP警報,WORD,FCS1:R:740:10,0,～,1,0,～,1,,,
2432,デジタル,FY4004H：AIOP,〇,均熱帯下部排ｶﾞｽ流量開平：IOP警報,WORD,FCS1:R:742:2,0,～,1,0,～,1,,,
2434,デジタル,FY4004：AIOP,〇,均熱帯下部排ｶﾞｽ流量補正：IOP警報,WORD,FCS1:R:743:2,0,～,1,0,～,1,,,
2435,アナログ,FIC4004：PV,〇,均熱帯下部排ｶﾞｽ流量制御：PV,WORD,FCS1:R:744,0,～,10000,0,～,4800,Nm3/h,,
2436,アナログ,FIC4004：SV,〇,均熱帯下部排ｶﾞｽ流量制御：SV,WORD,FCS1:R:745,0,～,10000,0,～,4800,Nm3/h,,
2437,アナログ,FIC4004：MV,〇,均熱帯下部排ｶﾞｽ流量制御：MV,WORD,FCS1:R:746,0,～,10000,0,～,100,%,,
2438,アナログ,FIC4004：MODE,〇,均熱帯下部排ｶﾞｽ流量制御：MODE,WORD,FCS1:R:747,0,～,10000,0,～,10000,,,
2439,アナログ,FIC4004：H,〇,均熱帯下部排ｶﾞｽ流量制御：H,WORD,FCS1:R:748,0,～,10000,0,～,4800,Nm3/h,,
2440,アナログ,FIC4004：L,〇,均熱帯下部排ｶﾞｽ流量制御：L,WORD,FCS1:R:749,0,～,10000,0,～,4800,Nm3/h,,
2441,アナログ,FIC4004：HH,〇,均熱帯下部排ｶﾞｽ流量制御：HH,WORD,FCS1:R:750,0,～,10000,0,～,4800,Nm3/h,,
2442,アナログ,FIC4004：LL,〇,均熱帯下部排ｶﾞｽ流量制御：LL,WORD,FCS1:R:751,0,～,10000,0,～,4800,Nm3/h,,
2445,デジタル,FIC4004：FMH,〇,均熱帯下部排ｶﾞｽ流量制御：出力上限制限,WORD,FCS1:R:752:2,0,～,1,0,～,1,,,
2446,デジタル,FIC4004：FML,〇,均熱帯下部排ｶﾞｽ流量制御：出力下限制限,WORD,FCS1:R:752:3,0,～,1,0,～,1,,,
2453,デジタル,FIC4004：AIOP,〇,均熱帯下部排ｶﾞｽ流量制御：IOP警報,WORD,FCS1:R:752:10,0,～,1,0,～,1,,,
2526,アナログ,PIC9001：PV,〇,炉内圧力制御：PV,WORD,FCS1:R:783,0,～,10000,-100,～,100,Pa,,
2527,アナログ,PIC9001：SV,〇,炉内圧力制御：SV,WORD,FCS1:R:784,0,～,10000,-100,～,100,Pa,,
2528,アナログ,PIC9001：MV,〇,炉内圧力制御：MV,WORD,FCS1:R:785,0,～,10000,0,～,100,%,,
2529,アナログ,PIC9001：MODE,〇,炉内圧力制御：MODE,WORD,FCS1:R:786,0,～,10000,0,～,10000,,,
2530,アナログ,PIC9001：H,〇,炉内圧力制御：H,WORD,FCS1:R:787,0,～,10000,-100,～,100,Pa,,
2531,アナログ,PIC9001：L,〇,炉内圧力制御：L,WORD,FCS1:R:788,0,～,10000,-100,～,100,Pa,,
2532,アナログ,PIC9001：HH,〇,炉内圧力制御：HH,WORD,FCS1:R:789,0,～,10000,-100,～,100,Pa,,
2533,アナログ,PIC9001：LL,〇,炉内圧力制御：LL,WORD,FCS1:R:790,0,～,10000,-100,～,100,Pa,,
2536,デジタル,PIC9001：FMH,〇,炉内圧力制御：出力上限制限,WORD,FCS1:R:791:2,0,～,1,0,～,1,,,
2537,デジタル,PIC9001：FML,〇,炉内圧力制御：出力下限制限,WORD,FCS1:R:791:3,0,～,1,0,～,1,,,
2544,デジタル,PIC9001：AIOP,〇,炉内圧力制御：IOP警報,WORD,FCS1:R:791:10,0,～,1,0,～,1,,,
2552,アナログ,PIC9002：PV,〇,LNG圧力制御：PV,WORD,FCS1:R:794,0,～,10000,0,～,150,kPa,,
2553,アナログ,PIC9002：SV,〇,LNG圧力制御：SV,WORD,FCS1:R:795,0,～,10000,0,～,150,kPa,,
2554,アナログ,PIC9002：MV,〇,LNG圧力制御：MV,WORD,FCS1:R:796,0,～,10000,0,～,100,%,,
2555,アナログ,PIC9002：MODE,〇,LNG圧力制御：MODE,WORD,FCS1:R:797,0,～,10000,0,～,10000,,,
2556,アナログ,PIC9002：H,〇,LNG圧力制御：H,WORD,FCS1:R:798,0,～,10000,0,～,150,kPa,,
2557,アナログ,PIC9002：L,〇,LNG圧力制御：L,WORD,FCS1:R:799,0,～,10000,0,～,150,kPa,,
2558,アナログ,PIC9002：HH,〇,LNG圧力制御：HH,WORD,FCS1:R:800,0,～,10000,0,～,150,kPa,,
2559,アナログ,PIC9002：LL,〇,LNG圧力制御：LL,WORD,FCS1:R:801,0,～,10000,0,～,150,kPa,,
2562,デジタル,PIC9002：FMH,〇,LNG圧力制御：出力上限制限,WORD,FCS1:R:802:2,0,～,1,0,～,1,,,
2563,デジタル,PIC9002：FML,〇,LNG圧力制御：出力下限制限,WORD,FCS1:R:802:3,0,～,1,0,～,1,,,
2570,デジタル,PIC9002：AIOP,〇,LNG圧力制御：IOP警報,WORD,FCS1:R:802:10,0,～,1,0,～,1,,,
2586,デジタル,PSP9002：AIOP,〇,LNG本管圧力設定：IOP警報,WORD,FCS1:R:808:2,0,～,1,0,～,1,,,
2587,アナログ,PIC9003：PV,〇,燃焼空気圧力制御：PV,WORD,FCS1:R:809,0,～,10000,0,～,15,ｋPa,,
2588,アナログ,PIC9003：SV,〇,燃焼空気圧力制御：SV,WORD,FCS1:R:810,0,～,10000,0,～,15,ｋPa,,
2589,アナログ,PIC9003：MV,〇,燃焼空気圧力制御：MV,WORD,FCS1:R:811,0,～,10000,0,～,100,%,,
2590,アナログ,PIC9003：MODE,〇,燃焼空気圧力制御：MODE,WORD,FCS1:R:812,0,～,10000,0,～,10000,,,
2591,アナログ,PIC9003：H,〇,燃焼空気圧力制御：H,WORD,FCS1:R:813,0,～,10000,0,～,15,ｋPa,,
2592,アナログ,PIC9003：L,〇,燃焼空気圧力制御：L,WORD,FCS1:R:814,0,～,10000,0,～,15,ｋPa,,
2593,アナログ,PIC9003：HH,〇,燃焼空気圧力制御：HH,WORD,FCS1:R:815,0,～,10000,0,～,15,ｋPa,,
2594,アナログ,PIC9003：LL,〇,燃焼空気圧力制御：LL,WORD,FCS1:R:816,0,～,10000,0,～,15,ｋPa,,
2597,デジタル,PIC9003：FMH,〇,燃焼空気圧力制御：出力上限制限,WORD,FCS1:R:817:2,0,～,1,0,～,1,,,
2598,デジタル,PIC9003：FML,〇,燃焼空気圧力制御：出力下限制限,WORD,FCS1:R:817:3,0,～,1,0,～,1,,,
2605,デジタル,PIC9003：AIOP,〇,燃焼空気圧力制御：IOP警報,WORD,FCS1:R:817:10,0,～,1,0,～,1,,,
2621,デジタル,PSP9003：AIOP,〇,空気本管圧力設定：IOP警報,WORD,FCS1:R:823:2,0,～,1,0,～,1,,,
2622,アナログ,PIC9004：PV,〇,排ｶﾞｽ圧力調節計：PV,WORD,FCS1:R:824,0,～,10000,-15,～,0,kPa,,
2623,アナログ,PIC9004：SV,〇,排ｶﾞｽ圧力調節計：SV,WORD,FCS1:R:825,0,～,10000,-15,～,0,kPa,,
2624,アナログ,PIC9004：MV,〇,排ｶﾞｽ圧力調節計：MV,WORD,FCS1:R:826,0,～,10000,0,～,100,%,,
2625,アナログ,PIC9004：MODE,〇,排ｶﾞｽ圧力調節計：MODE,WORD,FCS1:R:827,0,～,10000,0,～,10000,,,
2626,アナログ,PIC9004：H,〇,排ｶﾞｽ圧力調節計：H,WORD,FCS1:R:828,0,～,10000,-15,～,0,kPa,,
2627,アナログ,PIC9004：L,〇,排ｶﾞｽ圧力調節計：L,WORD,FCS1:R:829,0,～,10000,-15,～,0,kPa,,
2628,アナログ,PIC9004：HH,〇,排ｶﾞｽ圧力調節計：HH,WORD,FCS1:R:830,0,～,10000,-15,～,0,kPa,,
2629,アナログ,PIC9004：LL,〇,排ｶﾞｽ圧力調節計：LL,WORD,FCS1:R:831,0,～,10000,-15,～,0,kPa,,
2632,デジタル,PIC9004：FMH,〇,排ｶﾞｽ圧力調節計：出力上限制限,WORD,FCS1:R:832:2,0,～,1,0,～,1,,,
2633,デジタル,PIC9004：FML,〇,排ｶﾞｽ圧力調節計：出力下限制限,WORD,FCS1:R:832:3,0,～,1,0,～,1,,,
2640,デジタル,PIC9004：AIOP,〇,排ｶﾞｽ圧力調節計：IOP警報,WORD,FCS1:R:832:10,0,～,1,0,～,1,,,
2648,デジタル,PSP9004：ACAL,〇,排ｶﾞｽ本管圧力設定：CAL,WORD,FCS1:R:835:1,0,～,1,0,～,1,,,
2649,デジタル,PSP9004：AIOP,〇,排ｶﾞｽ本管圧力設定：IOP警報,WORD,FCS1:R:835:2,0,～,1,0,～,1,,,
2748,アナログ,AIC9004：PV,〇,IDFVVVF電流調節計：PV,WORD,FCS1:R:1452,0,～,10000,0,～,63,A,,
2749,アナログ,AIC9004：SV,〇,IDFVVVF電流調節計：SV,WORD,FCS1:R:1453,0,～,10000,0,～,63,A,,
2750,アナログ,AIC9004：MV,〇,IDFVVVF電流調節計：MV,WORD,FCS1:R:1454,0,～,10000,0,～,100,%,,
2751,アナログ,AIC9004：MODE,〇,IDFVVVF電流調節計：MODE,WORD,FCS1:R:1455,0,～,10000,0,～,10000,,,
2766,デジタル,AIC9004：AIOP,〇,IDFVVVF電流調節計：IOP警報,WORD,FCS1:R:1460:10,0,～,1,0,～,1,,,
2774,アナログ,FQ1002：PV,〇,加熱帯上部LNG積算：PV,WORD,FCS1:R:869,0,～,10000,0,～,2000,Nm3/h,,
2788,アナログ,FQ9102：PV,〇,加熱帯上部LNG積算：PV,WORD,FCS1:R:878,0,～,10000,0,～,2000,Nm3/h,,
2802,アナログ,FQ2002：PV,〇,加熱帯下部LNG積算：PV,WORD,FCS1:R:887,0,～,10000,0,～,2500,Nm3/h,,
2816,アナログ,FQ9202：PV,〇,加熱帯下部LNG積算：PV,WORD,FCS1:R:896,0,～,10000,0,～,2500,Nm3/h,,
2830,アナログ,FQ3002：PV,〇,均熱帯上部LNG積算：PV,WORD,FCS1:R:905,0,～,10000,0,～,360,Nm3/h,,
2844,アナログ,FQ9302：PV,〇,均熱帯上部LNG積算：PV,WORD,FCS1:R:914,0,～,10000,0,～,360,Nm3/h,,
2858,アナログ,FQ4002：PV,〇,均熱帯下部LNG積算：PV,WORD,FCS1:R:923,0,～,10000,0,～,440,Nm3/h,,
2872,アナログ,FQ9402：PV,〇,均熱帯下部LNG積算：PV,WORD,FCS1:R:932,0,～,10000,0,～,440,Nm3/h,,
2886,アナログ,FQ9042：PV,〇,ﾊﾟｲﾛｯﾄｶﾞｽ積算：PV,WORD,FCS1:R:941,0,～,10000,0,～,140,Nm3/h,,
2892,デジタル,FQ9042：ACAL,〇,ﾊﾟｲﾛｯﾄｶﾞｽ積算：CAL,WORD,FCS1:R:948:1,0,～,1,0,～,1,,,
2900,アナログ,FQ9942：PV,〇,ﾊﾟｲﾛｯﾄｶﾞｽ積算：PV,WORD,FCS1:R:950,0,～,10000,0,～,140,Nm3/h,,
2906,デジタル,FQ9942：ACAL,〇,ﾊﾟｲﾛｯﾄｶﾞｽ積算：CAL,WORD,FCS1:R:957:1,0,～,1,0,～,1,,,
3026,アナログ,FQ1004：PV,〇,加熱帯上部排ｶﾞｽ積算：PV,WORD,FCS1:R:1031,0,～,10000,0,～,20000,Nm3/h,,
3037,デジタル,FQ1004：AIOP,〇,加熱帯上部排ｶﾞｽ積算：IOP警報,WORD,FCS1:R:1038:10,0,～,1,0,～,1,,,
3040,アナログ,FQ2004：PV,〇,加熱帯下部排ｶﾞｽ積算：PV,WORD,FCS1:R:1040,0,～,10000,0,～,25000,Nm3/h,,
3051,デジタル,FQ2004：AIOP,〇,加熱帯下部排ｶﾞｽ積算：IOP警報,WORD,FCS1:R:1047:10,0,～,1,0,～,1,,,
3054,アナログ,FQ3004：PV,〇,均熱帯上部排ｶﾞｽ積算：PV,WORD,FCS1:R:1049,0,～,10000,0,～,4000,Nm3/h,,
3065,デジタル,FQ3004：AIOP,〇,均熱帯上部排ｶﾞｽ積算：IOP警報,WORD,FCS1:R:1056:10,0,～,1,0,～,1,,,
3068,アナログ,FQ4004：PV,〇,均熱帯下部排ｶﾞｽ積算：PV,WORD,FCS1:R:1058,0,～,10000,0,～,4800,Nm3/h,,
3079,デジタル,FQ4004：AIOP,〇,均熱帯下部排ｶﾞｽ積算：IOP警報,WORD,FCS1:R:1065:10,0,～,1,0,～,1,,,
3082,アナログ,FQ9104：PV,〇,加熱帯上部排ｶﾞｽ積算：PV,WORD,FCS1:R:1067,0,～,10000,0,～,20000,Nm3/h,,
3088,デジタル,FQ9104：ACAL,〇,加熱帯上部排ｶﾞｽ積算：CAL,WORD,FCS1:R:1074:1,0,～,1,0,～,1,,,
3093,デジタル,FQ9104：AIOP,〇,加熱帯上部排ｶﾞｽ積算：IOP警報,WORD,FCS1:R:1074:10,0,～,1,0,～,1,,,
3096,アナログ,FQ9204：PV,〇,加熱帯下部排ｶﾞｽ積算：PV,WORD,FCS1:R:1076,0,～,10000,0,～,25000,Nm3/h,,
3102,デジタル,FQ9204：ACAL,〇,加熱帯下部排ｶﾞｽ積算：CAL,WORD,FCS1:R:1083:1,0,～,1,0,～,1,,,
3107,デジタル,FQ9204：AIOP,〇,加熱帯下部排ｶﾞｽ積算：IOP警報,WORD,FCS1:R:1083:10,0,～,1,0,～,1,,,
3110,アナログ,FQ9304：PV,〇,均熱帯上部排ｶﾞｽ積算：PV,WORD,FCS1:R:1085,0,～,10000,0,～,4000,Nm3/h,,
3116,デジタル,FQ9304：ACAL,〇,均熱帯上部排ｶﾞｽ積算：CAL,WORD,FCS1:R:1092:1,0,～,1,0,～,1,,,
3120,デジタル,FQ9304：ALL,〇,均熱帯上部排ｶﾞｽ積算：LL警報,WORD,FCS1:R:1092:9,0,～,1,0,～,1,,,
3124,アナログ,FQ9404：PV,〇,均熱帯下部排ｶﾞｽ積算：PV,WORD,FCS1:R:1094,0,～,10000,0,～,4800,Nm3/h,,
3130,デジタル,FQ9404：ACAL,〇,均熱帯下部排ｶﾞｽ積算：CAL,WORD,FCS1:R:1101:1,0,～,1,0,～,1,,,
3135,デジタル,FQ9404：AIOP,〇,均熱帯下部排ｶﾞｽ積算：IOP警報,WORD,FCS1:R:1101:10,0,～,1,0,～,1,,,
3362,アナログ,FQ9045：PV,〇,ﾉｽﾞﾙ冷却空気積算：PV,WORD,FCS1:R:1247,0,～,10000,0,～,4800,Nm3/h,,
3368,デジタル,FQ9045：ACAL,〇,ﾉｽﾞﾙ冷却空気積算：CAL,WORD,FCS1:R:1254:1,0,～,1,0,～,1,,,
3373,デジタル,FQ9045：AIOP,〇,ﾉｽﾞﾙ冷却空気積算：IOP警報,WORD,FCS1:R:1254:10,0,～,1,0,～,1,,,
